ad_id,app_name,platform,analysis
7411697730823045128,Solou: AI Diary & Mood Journal,tiktok,"```json
{
  ""hook"": {
    ""text"": ""No more falls for grandma ❤️"",
    ""type"": ""benefit"",
    ""strength_score"": 80
  },
  ""creative_format"": ""demo"",
  ""target_audience"": ""Caregivers for the elderly, elderly individuals, people with mobility challenges, individuals recovering from injury, family members concerned about older relatives' safety."",
  ""pain_point"": ""Difficulty and instability when entering or exiting a car, leading to a risk of falls and injury for elderly or mobility-impaired individuals."",
  ""solution_angle"": ""Provides a portable, secure, and ergonomic handle that attaches to the car door latch, offering a stable leverage point for assistance when getting in or out of a vehicle."",
  ""emotional_trigger"": ""Empathy, care, safety, relief, independence."",
  ""visual_features"": {
    ""human_present"": true,
    ""face_visible"": false,
    ""text_overlay"": true,
    ""app_screen_visible"": false,
    ""fast_cuts"": false
  },
  ""cta"": ""Purchase today!"",
  ""winner_strategy"": ""Direct problem-solution demonstration with a strong emotional appeal (safety for loved ones) and a clear incentive."",
  ""why_it_might_work"": ""The ad effectively highlights a common pain point for a specific demographic (elderly/mobility-impaired people) and immediately presents a simple, practical solution. The visual demonstration is clear, showing how the product provides extra support. The emotional text overlay 'No more falls for grandma' resonates deeply, and the 'Free Shipping' acts as a strong purchase incentive."",
  ""winner_score"": 85
}
```"
7464202432986398728,Solou: AI Diary & Mood Journal,tiktok,"```json
{
  ""hook"": {
    ""text"": ""¿Sigues esperando que tu presencia online mejore sola? Tu negocio está muriendo en silencio y a pesar de invertir en marketing los resultados no llegan?"",
    ""type"": ""problem"",
    ""strength_score"": 90
  },
  ""creative_format"": ""other"",
  ""target_audience"": ""Small and medium business owners, entrepreneurs, marketing managers struggling with digital presence and online sales."",
  ""pain_point"": ""Stagnant online presence, losing sales and clients, ineffective marketing investments, low Google rankings, website visits not converting, ads not generating results, wasted time and money on digital strategies."",
  ""solution_angle"": ""Offering a free consultation to identify barriers to success, improve online visibility and conversions, and optimize digital strategy for tangible results."",
  ""emotional_trigger"": ""Fear of losing sales, clients, and time; fear of business failure; hope for clear, actionable solutions and tangible business growth."",
  ""visual_features"": {
    ""human_present"": true,
    ""face_visible"": true,
    ""text_overlay"": true,
    ""app_screen_visible"": false,
    ""fast_cuts"": false
  },
  ""cta"": ""Solicita tu análisis gratuito ahora y deja de perder tiempo y clientes. Haz click aquí para obtener tu asesoría gratuita."",
  ""winner_strategy"": ""Problem-Agitate-Solve (PAS) with a low-barrier-to-entry offer. The ad clearly defines multiple pain points, agitates these pains by highlighting the cost of inaction (lost sales, time, money), and then presents a straightforward, risk-free solution (free consultation). It emphasizes urgency and direct action."",
  ""why_it_might_work"": ""This ad works by tapping into common anxieties of business owners regarding their online performance. The speaker's direct, empathetic approach builds trust, and the offer of a free consultation removes the initial financial barrier, making it easy for potential clients to take the first step. It promises clear, tangible results and positions the company as an expert guide, addressing the fear of ineffective efforts and the desire for proven strategies."",
  ""winner_score"": 88
}
```"
1200001818817531,Mirror: Mental Health Journal,meta,"```json
{
  ""hook"": {
    ""text"": ""Olena and Taffy's story"",
    ""type"": ""story"",
    ""strength_score"": 8
  },
  ""creative_format"": ""testimonial"",
  ""target_audience"": ""Pet owners, animal lovers, individuals sympathetic to victims of conflict (specifically in Ukraine), potential donors to animal welfare charities."",
  ""pain_point"": ""The devastating impact of war on families and their pets, including forced separation, poor living conditions for pets left behind, and lack of access to veterinary care leading to illness."",
  ""solution_angle"": ""A pet charity (Woodgreen) steps in to provide critical support, facilitating reunification of pets with their owners and offering essential veterinary treatment for animals suffering due to conflict conditions."",
  ""emotional_trigger"": ""Empathy for both human and animal suffering, relief and joy at reunification, hope, and the strong bond between pets and their owners."",
  ""visual_features"": {
    ""human_present"": true,
    ""face_visible"": true,
    ""text_overlay"": true,
    ""app_screen_visible"": false,
    ""fast_cuts"": false
  },
  ""cta"": ""Support Woodgreen Pets Charity"",
  ""winner_strategy"": ""Emotional storytelling showcasing the profound bond between a pet and its owner, disrupted by conflict and restored by the charity's intervention. It highlights a real-world, impactful rescue."",
  ""why_it_might_work"": ""The ad leverages a powerful, personal narrative of separation and reunion during a major global conflict, making the charity's work incredibly relatable and impactful. The visual transformation of the dog from sick to healthy, alongside the owner's gratitude, strongly appeals to viewers' emotions and demonstrates the direct positive outcome of supporting the charity."",
  ""winner_score"": 9
}
```"
1796864531278582,Mirror: Mental Health Journal,meta,"```json
{
  ""hook"": {
    ""text"": ""5 ways... to help kids develop healthy social media habits"",
    ""type"": ""benefit"",
    ""strength_score"": 8
  },
  ""creative_format"": ""lifestyle"",
  ""target_audience"": ""Parents and guardians concerned about their children's social media use and online safety."",
  ""pain_point"": ""Parents' anxiety and lack of clear guidance on how to ensure their children develop healthy social media habits and stay safe online."",
  ""solution_angle"": ""Providing 5 practical, easy-to-understand tips and advice to help parents guide their children towards responsible and healthy social media usage."",
  ""emotional_trigger"": ""Parental concern, desire to protect children, responsibility, aspiration for children's well-being."",
  ""visual_features"": {
    ""human_present"": true,
    ""face_visible"": true,
    ""text_overlay"": true,
    ""app_screen_visible"": true,
    ""fast_cuts"": true
  },
  ""cta"": ""Click for more"",
  ""winner_strategy"": ""Educational content marketing, leveraging a reputable media partner (Mirror) and a brand known for family services (Tesco Mobile) to provide actionable advice on a common parental concern."",
  ""why_it_might_work"": ""The ad addresses a significant pain point for parents with practical, clear solutions. The visual representation of diverse family dynamics makes it relatable, and the numbered list format makes the information easy to digest. The partnership with Internet Matters adds credibility and expertise to the advice provided. The call to action is direct, encouraging further engagement for more support."",
  ""winner_score"": 8
}
```"
2513555842438474,Mirror: Mental Health Journal,meta,"```json
{
  ""hook"": {
    ""text"": ""Today I'm in Cornwall visiting the Jackson family. And it's exam season. The pressure is ramping up. And so is the kids' screen time."",
    ""type"": ""problem"",
    ""strength_score"": 8
  },
  ""creative_format"": ""lifestyle"",
  ""target_audience"": ""Parents of school-aged children, particularly those concerned about exam stress and screen time management during revision periods."",
  ""pain_point"": ""The increasing pressure of exam season for children and the associated rise in screen time, leading to parental concerns about focus, stress, and online safety."",
  ""solution_angle"": ""Tesco Mobile offers practical tips and resources through their Online Safety Hub to help families support children during exam season, focusing on managing screen time, dealing with stress, and fostering open conversations about online well-being."",
  ""emotional_trigger"": ""Empathy for exam stress, reassurance through practical support, a sense of relief from having helpful resources."",
  ""visual_features"": {
    ""human_present"": true,
    ""face_visible"": true,
    ""text_overlay"": true,
    ""app_screen_visible"": true,
    ""fast_cuts"": true
  },
  ""cta"": ""Discover practical tips to help your family this exam season on the Tesco Mobile Online Safety Hub."",
  ""winner_strategy"": ""The ad leverages a relatable celebrity (Giovanna Fletcher) visiting a real family to address a common, timely parental concern (exam stress and screen time). It positions the brand as a supportive resource provider offering solutions (online safety hub with tips) rather than just a product, fostering trust and goodwill."",
  ""why_it_might_work"": ""The ad is highly relatable for parents experiencing exam season, it uses a credible and warm presenter, and it offers tangible value through practical tips and resources. The focus on supporting families' well-being rather than just connectivity makes it resonate deeply with the target audience's core concerns."",
  ""winner_score"": 8
}
```"
1564009541826768,Mirror: Mental Health Journal,meta,"```json
{
  ""hook"": {
    ""text"": ""The world's biggest football tournament will see an incredible 104 matches in the USA, Mexico and Canada, with fans already planning their watch parties."",
    ""type"": ""curiosity"",
    ""strength_score"": 4
  },
  ""creative_format"": ""other"",
  ""target_audience"": ""Football fans, particularly those in the UK who celebrate major football tournaments with watch parties, and those seeking convenient grocery delivery."",
  ""pain_point"": ""Missing out on match-day essentials or having to leave a watch party during a crucial moment to buy supplies. Also, a desire for engaging, football-themed activities to enhance the tournament experience."",
  ""solution_angle"": ""Tesco Whoosh provides rapid delivery of match-day essentials (groceries, snacks, drinks) in as little as 20 minutes, ensuring fans don't miss any action. Additionally, they offer a free, interactive table football pitch/wall chart to further engage fans and families."",
  ""emotional_trigger"": ""Excitement for the football tournament, anticipation for watch parties, relief from potential missed moments due to lack of supplies, and joy from engaging in a fun, themed activity."",
  ""visual_features"": {
    ""human_present"": true,
    ""face_visible"": true,
    ""text_overlay"": true,
    ""app_screen_visible"": false,
    ""fast_cuts"": true
  },
  ""cta"": ""Get FREE DELIVERY from as little as 20 minutes on orders £25 and over*"",
  ""winner_strategy"": ""Leveraging a high-interest cultural event (football tournament) to promote a convenience service (fast grocery delivery) by directly addressing a common pain point (missing essentials during a game) and adding a unique, engaging value-add (free craftable football pitch)."",
  ""why_it_might_work"": ""The ad effectively taps into the widespread excitement of a major football tournament, making the product highly relevant. The promise of quick delivery directly solves a common issue for fans hosting or attending watch parties. The free, interactive craft element provides an additional reason for engagement and reinforces brand association with the event, appealing to a broader audience including families."",
  ""winner_score"": 4
}
```"
2181953179043729,Mirror: Mental Health Journal,meta,"```json
{
  ""hook"": {
    ""text"": ""The world's biggest football tournament will see an incredible 104 matches in the USA, Mexico and Canada..."",
    ""type"": ""curiosity"",
    ""strength_score"": 8
  },
  ""creative_format"": ""demo"",
  ""target_audience"": ""Football fans, especially those watching games at home or hosting watch parties; families looking for entertainment during the tournament."",
  ""pain_point"": ""Missing out on match action due to needing to leave the house for snacks and drinks, or the inconvenience of preparing for a watch party."",
  ""solution_angle"": ""Fast delivery of match day essentials (food, drinks) directly to your door in as little as 20 minutes, combined with a free, engaging paper craft activity to enhance the viewing experience."",
  ""emotional_trigger"": ""Excitement for the football tournament, convenience, joy of celebrating with friends/family, not wanting to miss out on match moments."",
  ""visual_features"": {
    ""human_present"": true,
    ""face_visible"": true,
    ""text_overlay"": true,
    ""app_screen_visible"": false,
    ""fast_cuts"": true
  },
  ""cta"": ""Get FREE DELIVERY from as little as 20 minutes on orders £25 and over*"",
  ""winner_strategy"": ""Leveraging a major global sporting event (football tournament) to promote a fast grocery delivery service. It adds value by partnering with a newspaper to offer a free, engaging, and relevant craft activity (table football pitch) to enhance the customer's event experience, tying the product to the celebratory aspect of the event."",
  ""why_it_might_work"": ""This ad works by tapping into a highly topical and popular event, making the delivery service immediately relevant to a large audience. The promise of fast, free delivery directly addresses the need for convenience during match-watching. The inclusion of a fun, free paper craft not only provides entertainment but also creates a physical, memorable connection to the brand and the event, encouraging interaction and shareability. It positions the brand as an enabler of enjoyable match moments."",
  ""winner_score"": 9
}
```"
898982816550799,Mirror: Mental Health Journal,meta,"```json
{
  ""hook"": {
    ""text"": ""Today I'm in Cornwall visiting the Jackson family. And it's exam season. The pressure is ramping up. And so is the kids' screen time."",
    ""type"": ""problem"",
    ""strength_score"": 8
  },
  ""creative_format"": ""lifestyle"",
  ""target_audience"": ""Parents of school-aged children, especially those undergoing exams."",
  ""pain_point"": ""Parental stress and children's pressure during exam season, including managing screen time effectively for revision and well-being."",
  ""solution_angle"": ""Providing practical tips and resources (Tesco Mobile Online Safety Hub) to help families navigate exam season, manage screen time, reduce stress, and encourage open communication."",
  ""emotional_trigger"": ""Relief, empathy, hope."",
  ""visual_features"": {
    ""human_present"": true,
    ""face_visible"": true,
    ""text_overlay"": true,
    ""app_screen_visible"": true,
    ""fast_cuts"": true
  },
  ""cta"": ""Discover practical tips to help your family this exam season on the Tesco Mobile Online Safety Hub."",
  ""winner_strategy"": ""Relatability through featuring a real family facing common exam season challenges, coupled with providing a valuable, tangible solution through expert advice and resources."",
  ""why_it_might_work"": ""The ad is highly relatable to its target audience by focusing on the universal stress of exam season and screen time management. Featuring a well-known personality (Giovanna Fletcher) visiting a real family adds authenticity and trust. It positions Tesco Mobile as a supportive brand offering practical help, rather than just a service, by presenting a concrete solution (the Online Safety Hub) to a genuine problem."",
  ""winner_score"": 9
}
```"
1763499945060623,Mirror: Mental Health Journal,meta,"```json
{
  ""hook"": {
    ""text"": ""Today I'm in Cornwall visiting the Jackson family. And it's exam season. The pressure is ramping up. And so is the kids' screen time."",
    ""type"": ""problem"",
    ""strength_score"": 8
  },
  ""creative_format"": ""lifestyle"",
  ""target_audience"": ""Parents of school-age children facing exam season, concerned about academic pressure and screen time management."",
  ""pain_point"": ""Children experiencing significant pressure and stress during exam season, leading to increased screen time. Parents are looking for ways to support their children effectively and manage online activity."",
  ""solution_angle"": ""Tesco Mobile provides expert online safety tools and a handy guide with practical tips to help families navigate exam stress and screen time, encouraging open communication."",
  ""emotional_trigger"": ""Empathy for children under exam pressure, desire for parental support, relief found in practical solutions and shared family conversation about online well-being."",
  ""visual_features"": {
    ""human_present"": true,
    ""face_visible"": true,
    ""text_overlay"": true,
    ""app_screen_visible"": true,
    ""fast_cuts"": true
  },
  ""cta"": ""Discover practical tips to help your family this exam season on the Tesco Mobile Online Safety Hub."",
  ""winner_strategy"": ""Relatability and Expert Advice: The ad uses a relatable family scenario and features a known presenter to introduce a common problem (exam stress, screen time) and then offers a practical, expert-backed solution from Tesco Mobile, positioning the brand as a helpful resource for family well-being."",
  ""why_it_might_work"": ""The ad addresses a specific, timely, and common pain point for parents during exam season. By framing the solution around family communication and practical tips, it offers genuine value. The use of a friendly presenter and a relatable family creates a trustworthy and empathetic connection, making the audience more receptive to the brand's resources."",
  ""winner_score"": 8
}
```"
2105770973372098,Mirror: Mental Health Journal,meta,"```json
{
  ""hook"": {
    ""text"": ""Like pretty much every family, the Jacksons are trying to make screens work for them as a revision tool."",
    ""type"": ""problem"",
    ""strength_score"": 4
  },
  ""creative_format"": ""lifestyle"",
  ""target_audience"": ""Parents with school-aged children, particularly those concerned about screen time and academic performance during exam season."",
  ""pain_point"": ""Children are easily distracted by phones and social media while trying to focus on homework or revision, leading to stress for both parents and children during exam season."",
  ""solution_angle"": ""Tesco Mobile provides an \""Online Safety Hub\"" with practical resources and guides (like 'revision-only' setups) to help families manage screen time and encourage effective revision, fostering open communication and a balanced approach to digital use."",
  ""emotional_trigger"": ""Relatability (sharing a common family struggle), concern (for children's academic success and well-being), hope (for practical solutions), reassurance (that support is available)."",
  ""visual_features"": {
    ""human_present"": true,
    ""face_visible"": true,
    ""text_overlay"": true,
    ""app_screen_visible"": true,
    ""fast_cuts"": true
  },
  ""cta"": ""Discover practical tips to help your family this exam season on the Tesco Mobile Online Safety Hub."",
  ""winner_strategy"": ""The ad addresses a highly relatable and current pain point for parents (managing screen time for academic benefit) and positions Tesco Mobile not just as a service provider, but as a supportive partner offering valuable, free resources through their Online Safety Hub. It uses a family narrative to build empathy and demonstrate the practical application of their tips."",
  ""why_it_might_work"": ""This ad is likely effective because it taps into a universal parental concern – balancing children's screen time with their education, especially during high-stress exam periods. By featuring a 'real' family discussing their struggles, it creates strong relatability. The solution offered is practical and actionable (e.g., 'revision-only' setups), providing immediate perceived value. Associating Tesco Mobile with helpful, expert-backed resources (in partnership with Internet Matters) builds trust and goodwill, making the brand seem caring and supportive beyond just its core mobile services. The emphasis on 'The Family Chat' reinforces the idea of open communication, which parents value."",
  ""winner_score"": 5
}
```"
2196732344417491,Mirror: Mental Health Journal,meta,"```json
{
  ""hook"": {
    ""text"": ""This is how I clean my entire house with just one product."",
    ""type"": ""curiosity"",
    ""strength_score"": 3
  },
  ""creative_format"": ""demo"",
  ""target_audience"": ""Homeowners and renters seeking efficient, space-saving, and budget-friendly cleaning solutions."",
  ""pain_point"": ""Cluttered cleaning cupboards, needing multiple tools for different cleaning tasks, inefficient or time-consuming cleaning, difficulty reaching high spots or tight crevices."",
  ""solution_angle"": ""A single, multi-functional 6-in-1 cleaning system that replaces multiple tools, simplifies the cleaning process, and saves space and money."",
  ""emotional_trigger"": ""Relief from cleaning burdens, satisfaction of an organized and clean home, feeling smart about a cost-effective and efficient purchase."",
  ""visual_features"": {
    ""human_present"": true,
    ""face_visible"": true,
    ""text_overlay"": true,
    ""app_screen_visible"": true,
    ""fast_cuts"": true
  },
  ""cta"": ""Shop now at Yimbly.com."",
  ""winner_strategy"": ""The ad effectively uses a problem/solution approach, demonstrating the product's versatility and ease of use. It highlights significant cost and space savings, creates urgency with a limited-time discount, and employs a relatable UGC-style demo."",
  ""why_it_might_work"": ""The ad works by immediately capturing attention with a curious hook about cleaning an entire house with one product. It visually demonstrates the 6-in-1 system's multiple functions, making its benefits clear and tangible. The emphasis on being 'budget-friendly' and offering a 60% discount directly addresses a common consumer desire for value. The screen recording of the product page with pricing and the clear CTA drive immediate action."",
  ""winner_score"": 3
}
```"
7313775438476066818,Mirror: Mental Health Journal,tiktok,"```json
{
  ""hook"": {
    ""text"": ""Got a huge presentation to present? And don't know how to share from your phone to the screen?"",
    ""type"": ""problem"",
    ""strength_score"": 9
  },
  ""creative_format"": ""ugc"",
  ""target_audience"": ""Individuals needing to cast content from their phone to a smart TV, including professionals giving presentations or general users wanting to stream media."",
  ""pain_point"": ""Difficulty or inability to wirelessly cast phone content, such as presentations, photos, or videos, to a smart TV."",
  ""solution_angle"": ""Providing a user-friendly, multi-compatible screen mirroring app that allows seamless wireless casting from phone to smart TV with minimal setup."",
  ""emotional_trigger"": ""Relief, convenience, excitement, ease."",
  ""visual_features"": {
    ""human_present"": true,
    ""face_visible"": true,
    ""text_overlay"": true,
    ""app_screen_visible"": true,
    ""fast_cuts"": true
  },
  ""cta"": ""Download the app now."",
  ""winner_strategy"": ""Problem-solution approach, high-energy direct address, clear demonstration of app functionality and broad device compatibility, followed by a strong call to action."",
  ""why_it_might_work"": ""The ad is effective because it immediately identifies a common pain point (difficulty casting to TV), presents a straightforward solution, and visually demonstrates the app's ease of use and wide compatibility with various TV brands. The energetic presenter and clear call to action encourage immediate download."",
  ""winner_score"": 8
}
```"
7311518039592615937,Mirror: Mental Health Journal,tiktok,"```json
{
  ""hook"": {
    ""text"": ""even if you have an iPhone or an iPad not everything that you watch on your phone can be cast to your TV because your TV might not be compatible with your phone or the website that you're using might also not let you cast"",
    ""type"": ""problem"",
    ""strength_score"": 4
  },
  ""creative_format"": ""ugc"",
  ""target_audience"": ""iPhone/iPad users who frequently experience issues casting content to their TV, individuals seeking a universal casting solution for various TV brands and websites."",
  ""pain_point"": ""Inability to cast all desired content from an iPhone or iPad to a TV due to device incompatibility or website restrictions, leading to frustration and limited viewing options."",
  ""solution_angle"": ""An easy-to-use app that provides universal screen mirroring and casting capabilities, overcoming compatibility barriers between iPhones/iPads and various smart TVs and websites."",
  ""emotional_trigger"": ""Frustration (due to current casting limitations), Convenience (offering a simple solution), Relief (from solving a common tech problem)."",
  ""visual_features"": {
    ""human_present"": true,
    ""face_visible"": true,
    ""text_overlay"": true,
    ""app_screen_visible"": true,
    ""fast_cuts"": true
  },
  ""cta"": ""tap right here to download the app now"",
  ""winner_strategy"": ""Problem-solution demonstration with social proof. The ad highlights a common pain point for Apple users (casting limitations), then introduces a specific app as the universal solution, showcasing its app store ratings for credibility, and ends with a direct call to action."",
  ""why_it_might_work"": ""The ad addresses a very common and frustrating tech problem faced by many iPhone/iPad users. The UGC style makes the presenter relatable and authentic. By showing the app's positive reviews and features, it builds trust and demonstrates the app's effectiveness. The clear solution and direct CTA make it easy for viewers to take action."",
  ""winner_score"": 9
}
```"
7314909355564220417,Mirror: Mental Health Journal,tiktok,"```json
{
  ""hook"": {
    ""text"": ""I can cast all my favorite pictures and videos from my phone to my TV"",
    ""type"": ""benefit"",
    ""strength_score"": 9
  },
  ""creative_format"": ""ugc"",
  ""target_audience"": ""Smartphone users who own smart TVs and want a simple, universal solution to cast media, web videos, and even work tools from their phone to their TV."",
  ""pain_point"": ""Difficulty or inconvenience in wirelessly casting photos, videos, apps, or web content from a smartphone to various smart TV brands."",
  ""solution_angle"": ""A versatile, easy-to-use screen mirroring app that provides seamless, one-click casting of various media types and work tools from any smartphone to virtually all smart TV brands."",
  ""emotional_trigger"": ""Convenience, ease of sharing memories, enjoyment of media on a larger screen, and the satisfaction of a universal solution."",
  ""visual_features"": {
    ""human_present"": true,
    ""face_visible"": true,
    ""text_overlay"": true,
    ""app_screen_visible"": true,
    ""fast_cuts"": true
  },
  ""cta"": ""Tap to download now."",
  ""winner_strategy"": ""The ad effectively highlights a common pain point (difficulty casting to TV) and immediately presents a clear, easy-to-understand solution. It uses a UGC-style opening to build relatability, then transitions to a detailed app demonstration. The emphasis on 'all smart TVs' and showcasing diverse content types (photos, videos, web, work tools) broadens its appeal. Fast cuts and clear text overlays keep the viewer engaged and the message concise."",
  ""why_it_might_work"": ""This ad directly addresses a widespread need for seamless screen mirroring across different devices. Its clear demonstration of ease of use ('just one click') and broad compatibility (Samsung, Fire TV, Roku, Sony, LG, TCL, Vizio, Chromecast) makes it highly appealing. The visual proof of the app's interface and the variety of content it can handle instills confidence, making potential users believe it can solve their specific casting problems."",
  ""winner_score"": 9
}
```"
7315971011270230018,Mirror: Mental Health Journal,tiktok,"```json
{
  ""hook"": {
    ""text"": ""DO YOU WANT TO CAST ONLY YOUR VIDEO OR PICTURE NOT THE WHOLE IPHONE SCREEN ON YOUR TV"",
    ""type"": ""problem"",
    ""strength_score"": 4
  },
  ""creative_format"": ""demo"",
  ""target_audience"": ""iPhone users who want to cast specific media (photos, videos) to their smart TV without mirroring the entire screen."",
  ""pain_point"": ""Users struggle to cast only specific videos or pictures from their iPhone to a TV without mirroring the entire screen, which can expose private information or unwanted elements."",
  ""solution_angle"": ""Provides a dedicated app that allows iPhone users to selectively cast only their desired videos or pictures to a smart TV, offering more control than full screen mirroring."",
  ""emotional_trigger"": ""Convenience, ease of use, and a sense of control over shared content."",
  ""visual_features"": {
    ""human_present"": true,
    ""face_visible"": false,
    ""text_overlay"": true,
    ""app_screen_visible"": true,
    ""fast_cuts"": true
  },
  ""cta"": ""Download this app on the App Store."",
  ""winner_strategy"": ""Problem-solution approach, directly addressing a common user frustration (unwanted full screen mirroring) with a clear, easy-to-understand demonstration of the app's selective casting feature."",
  ""why_it_might_work"": ""It clearly identifies and solves a common, yet often unaddressed, problem for iPhone users who want to share specific media on their TV without exposing their entire phone screen. The concise demonstration shows immediate value and ease of use, appealing to users seeking a more controlled casting experience."",
  ""winner_score"": 4
}
```"
7315113024703561729,Mirror: Mental Health Journal,tiktok,"```json
{
  ""hook"": {
    ""text"": ""I finally found the best casting app"",
    ""type"": ""benefit"",
    ""strength_score"": 80
  },
  ""creative_format"": ""demo"",
  ""target_audience"": ""Smartphone users who want to easily cast various types of content (photos, videos, documents, live camera) from their phone to any smart TV, for both personal entertainment and professional presentations."",
  ""pain_point"": ""Users struggle to find a single, reliable, and versatile application that can wirelessly cast all types of phone content (media, documents, live camera, web browser) to any TV without compatibility issues."",
  ""solution_angle"": ""The ad presents a comprehensive screen mirroring and casting app that supports all types of media and files, works with all TVs, and offers additional features like IPTV and web browser casting, simplifying the process of displaying phone content on a larger screen."",
  ""emotional_trigger"": ""Convenience, satisfaction (from finding a 'best' solution), and relief from tech frustrations."",
  ""visual_features"": {
    ""human_present"": true,
    ""face_visible"": true,
    ""text_overlay"": true,
    ""app_screen_visible"": true,
    ""fast_cuts"": true
  },
  ""cta"": ""Download Now"",
  ""winner_strategy"": ""The strategy combines a relatable user endorsement to grab attention with a concise, feature-rich demonstration of the app's capabilities and broad compatibility. It effectively addresses a common pain point by showcasing an all-in-one, easy-to-use solution, reinforcing credibility with app store metrics and a direct call to action."",
  ""why_it_might_work"": ""The ad works because it starts with a strong, relatable hook from a user who 'finally found the best casting app,' immediately establishing a problem and promising a solution. It then clearly demonstrates the app's wide range of features (media, documents, live camera, web browser, IPTV) and highlights its universal compatibility ('supports ALL tvs'), which addresses key user concerns. The inclusion of app store ratings adds social proof and credibility. The ad quickly moves from the problem to a comprehensive, easy-to-understand solution, culminating in a clear call to action."",
  ""winner_score"": 90
}
```"
7314708283251720194,Mirror: Mental Health Journal,tiktok,"```json
{
  ""hook"": {
    ""text"": ""Okay guys, so here is how I share my photos to my TV."",
    ""type"": ""problem"",
    ""strength_score"": 7
  },
  ""creative_format"": ""demo"",
  ""target_audience"": ""Smartphone users who want to easily cast photos and videos from their phone to their TV."",
  ""pain_point"": ""Difficulty or lack of knowledge on how to wirelessly cast phone media to a TV screen."",
  ""solution_angle"": ""A user-friendly app that provides quick and easy wireless screen mirroring and casting from a phone to any TV."",
  ""emotional_trigger"": ""Convenience, enjoyment of shared memories, simplicity."",
  ""visual_features"": {
    ""human_present"": true,
    ""face_visible"": false,
    ""text_overlay"": true,
    ""app_screen_visible"": true,
    ""fast_cuts"": true
  },
  ""cta"": ""Download here!"",
  ""winner_strategy"": ""Direct demonstration of a simple solution to a common tech problem, highlighting ease of use and immediate gratification."",
  ""why_it_might_work"": ""The ad effectively demonstrates a practical solution to a widely experienced problem (sharing phone media on a TV) in a clear, step-by-step manner. It uses relatable content (cute puppy photos) and emphasizes speed and ease, appealing to users looking for convenient tech solutions. The visual proof of the app working makes it trustworthy."",
  ""winner_score"": 8
}
```"
7468860257994375169,Mirror: Mental Health Journal,tiktok,"```json
{
  ""hook"": {
    ""text"": ""Nowadays, when it comes to home decoration, people no longer lay ceramic tiles. Instead, they're turning to this epoxy colored - sand self-leveling floor coating."",
    ""type"": ""benefit"",
    ""strength_score"": 3
  },
  ""creative_format"": ""demo"",
  ""target_audience"": ""Homeowners, DIY enthusiasts, property managers, small business owners looking for durable and aesthetic flooring solutions for residential or commercial spaces like garages, basements, balconies, workshops, and showrooms."",
  ""pain_point"": ""The high cost and labor-intensity of traditional ceramic tiling, the need for durable, waterproof, and aesthetically pleasing flooring solutions for concrete surfaces, and the desire to easily upgrade old or damaged floors without professional help."",
  ""solution_angle"": ""The ad showcases a self-leveling, colored epoxy sand floor coating that is easy to apply (DIY-friendly), provides a sophisticated marble-like finish, and offers remarkable waterproof and wear-resistant properties, making it a cost-effective and durable alternative to traditional tiling."",
  ""emotional_trigger"": ""Desire for a modern, beautiful home, satisfaction from a successful DIY project, pride in a high-quality finish, relief from the high costs and effort of professional renovations, and confidence in a long-lasting, easy-to-maintain floor."",
  ""visual_features"": {
    ""human_present"": true,
    ""face_visible"": true,
    ""text_overlay"": true,
    ""app_screen_visible"": false,
    ""fast_cuts"": true
  },
  ""cta"": ""Click the link below to have a look! / Jetzt ausprobieren und den Boden revolutionieren! 💥🛒"",
  ""winner_strategy"": ""Problem-solution demonstration combined with aspirational aesthetic results, highlighting ease of application, durability, and cost-effectiveness. It uses before/after comparisons and product testing to build trust and desire."",
  ""why_it_might_work"": ""The ad effectively demonstrates the product's benefits through clear visual examples: transforming cracked, old floors into shiny, modern surfaces. The emphasis on DIY application, waterproof and wear-resistant properties, and the 'thousands of dollars' look for a small expense directly addresses common consumer pain points related to home renovation cost and effort. The quick cuts keep engagement high, and the visual proof of durability (water, impact, stains) is compelling."",
  ""winner_score"": 3
}
```"
7596474809102598161,Mirror: Mental Health Journal,tiktok,"```json
{
  ""hook"": {
    ""text"": ""What if every touch up in the car looked perfect?"",
    ""type"": ""benefit"",
    ""strength_score"": 4
  },
  ""creative_format"": ""demo"",
  ""target_audience"": ""Individuals who apply or touch up makeup in their car, especially those concerned about lighting and mirror quality."",
  ""pain_point"": ""Inadequate lighting and poor mirror quality in standard car sun visors make it difficult to do makeup or touch-ups effectively in the car."",
  ""solution_angle"": ""Provides a well-lit, high-definition mirror with adjustable light modes, making car makeup application and touch-ups precise and convenient."",
  ""emotional_trigger"": ""Convenience, confidence in appearance, feeling prepared and looking good on the go."",
  ""visual_features"": {
    ""human_present"": true,
    ""face_visible"": false,
    ""text_overlay"": true,
    ""app_screen_visible"": false,
    ""fast_cuts"": true
  },
  ""cta"": ""SHOP YOURS NOW"",
  ""winner_strategy"": ""Problem-solution demonstration, highlighting key features (adjustable light, HD mirror, universal fit, easy installation) that directly address the pain point for on-the-go beauty routines."",
  ""why_it_might_work"": ""The ad effectively identifies a common struggle for many people (doing makeup in the car) and presents a sleek, practical solution. The visual demonstration clearly shows the product's benefits, especially the adjustable lighting, making it highly desirable for its target audience. The quick cuts and clear text overlays keep the viewer engaged and informed."",
  ""winner_score"": 4
}
```"
7503840449708261393,Mirror: Mental Health Journal,tiktok,"```json
{
  ""hook"": {
    ""text"": ""Ceramic coating companies are panicking about this spray"",
    ""type"": ""curiosity"",
    ""strength_score"": 9
  },
  ""creative_format"": ""demo"",
  ""target_audience"": ""Car owners who seek to achieve a professional, long-lasting shine and protection for their vehicle's paint without the high cost and time commitment of traditional ceramic coatings or detailing services."",
  ""pain_point"": ""Expensive and time-consuming ceramic coatings and professional car detailing services that often don't last long, leaving car owners with a dull finish and high recurring costs."",
  ""solution_angle"": ""A revolutionary quick-acting coating agent with graphene particles that bonds with the car's paint, creating a perfect, long-lasting mirror shine and three protective layers in just 10 seconds, at a fraction of the cost of traditional detailing."",
  ""emotional_trigger"": ""Satisfaction of achieving professional-level car aesthetics effortlessly and affordably; relief from high detailing costs; pride in a showroom-perfect car; excitement about a groundbreaking, superior product."",
  ""visual_features"": {
    ""human_present"": true,
    ""face_visible"": false,
    ""text_overlay"": true,
    ""app_screen_visible"": false,
    ""fast_cuts"": true
  },
  ""cta"": ""Buy 2 Get 1 Free"",
  ""winner_strategy"": ""The ad uses a disruptive marketing strategy by directly challenging expensive traditional ceramic coatings, positioning itself as a superior, more affordable, and time-efficient alternative. It leverages strong visual demonstrations of immediate results and water-repellency, combined with benefit-driven claims (mirror shine, 8-month durability, 10-second application). The scarcity message ('this deal won't last long') and the 'Buy 2 Get 1 Free' offer drive urgency and perceived value."",
  ""why_it_might_work"": ""This ad works by directly addressing a common pain point for car owners – the desire for a perfectly shiny and protected car without the exorbitant costs and time commitments. The 'panicking' hook immediately grabs attention and builds curiosity. The visual 'before & after' comparisons and water-beading effects are highly convincing. By emphasizing ease of use, speed, and long-term durability at a low cost, it appeals to a broad audience looking for practical value. The offer of 'Buy 2 Get 1 Free' further sweetens the deal, making it hard to resist for potential customers."",
  ""winner_score"": 9
}
```"
7388792822457663489,Mirror: Mental Health Journal,tiktok,"```json
{
  ""hook"": {
    ""text"": ""why is nobody talking about how cheap these are"",
    ""type"": ""curiosity"",
    ""strength_score"": 9
  },
  ""creative_format"": ""ugc"",
  ""target_audience"": ""Car owners, especially those with older vehicles or without built-in Apple CarPlay/Android Auto, looking for an affordable and easy way to upgrade their car's infotainment system."",
  ""pain_point"": ""Lack of modern car infotainment features (navigation, music streaming, app connectivity, video playback) in older vehicles, or the high cost of upgrading to a new head unit."",
  ""solution_angle"": ""An inexpensive, universally compatible (any car, Android & Apple), plug-and-play CarPlay screen that provides modern features like navigation, music, and screen mirroring by simply plugging into the cigarette lighter."",
  ""emotional_trigger"": ""Excitement of getting new tech, relief from a common car problem, desire for convenience, satisfaction of a smart and affordable purchase."",
  ""visual_features"": {
    ""human_present"": true,
    ""face_visible"": false,
    ""text_overlay"": true,
    ""app_screen_visible"": true,
    ""fast_cuts"": true
  },
  ""cta"": ""click that link below before they sell out"",
  ""winner_strategy"": ""The ad uses a strong curiosity-based hook combined with a clear problem/solution framework. It highlights universal compatibility and ease of installation, addressing common barriers to car tech upgrades. The demonstration of various features (music, navigation, screen mirroring) showcases versatility, and the scarcity call to action creates urgency."",
  ""why_it_might_work"": ""It directly addresses a widespread need among car owners for modern infotainment at an accessible price point, without the hassle of complex installation. The 'nobody is talking about' hook generates immediate interest and positions the product as an overlooked gem. The UGC-style demo feels authentic and makes the product's benefits easy to understand and desirable. The urgency ('before they sell out') prompts quick action."",
  ""winner_score"": 9
}
```"
7397271865276235792,Mirror: Mental Health Journal,tiktok,"```json
{
  ""hook"": {
    ""text"": ""I don't know who that girl was that was advertising these because I've seen them all over TikTok, but thank you because I added them to my cart and now they're on my face."",
    ""type"": ""social_proof"",
    ""strength_score"": 5
  },
  ""creative_format"": ""ugc"",
  ""target_audience"": ""Women looking for affordable, stylish, and functional sunglasses, particularly those active on TikTok and influenced by trending products."",
  ""pain_point"": ""Desire for trendy and effective sunglasses without a high price tag, often frustrated by low-quality or uncomfortable options."",
  ""solution_angle"": ""Highly affordable ($14.99), stylish, oversized, polarized, mirrored sunglasses with a tangle-free nose piece, perfect for daily wear and water activities, discovered via TikTok trends."",
  ""emotional_trigger"": ""Satisfaction, joy from a good deal, feeling stylish, excitement of a successful online purchase, trust in peer recommendations."",
  ""visual_features"": {
    ""human_present"": true,
    ""face_visible"": true,
    ""text_overlay"": false,
    ""app_screen_visible"": false,
    ""fast_cuts"": false
  },
  ""cta"": ""Click that link, there are several glasses to choose from. #tiktokshop"",
  ""winner_strategy"": ""Authentic UGC-style testimonial combined with strong product feature highlights and an irresistible price point, leveraging trending content on the platform."",
  ""why_it_might_work"": ""The ad's hook immediately establishes social proof and curiosity, as the creator themselves was influenced by other TikTok users. The creator's genuine enthusiasm and clear demonstration of the product's features (tangle-free nose piece, oversized, polarized, mirrored, good for water) at an attractive price point ($14.99) make it highly persuasive. The direct call to action reinforces urgency and provides a clear path to purchase, tapping into the impulsive nature of TikTok shopping."",
  ""winner_score"": 9
}
```"
7308677225002745857,Mirror: Mental Health Journal,tiktok,"```json
{
  ""hook"": {
    ""text"": ""CAR COATING AGENT Buy 5 Get 5 Free (only $3.991/PS) / 50% discount!"",
    ""type"": ""discount"",
    ""strength_score"": 5
  },
  ""creative_format"": ""demo"",
  ""target_audience"": ""Car owners looking for easy, effective, and affordable DIY solutions to restore and protect their vehicle's appearance, including paint, headlights, and windows."",
  ""pain_point"": ""Faded, dull, scratched, or oxidized car paint; poor water repellency on car surfaces; expensive professional car detailing and waxing; headlights losing clarity."",
  ""solution_angle"": ""A multi-purpose, easy-to-apply spray that cleans, restores shine, provides ceramic-like protection, and offers strong hydrophobic properties, significantly enhancing and protecting the car's aesthetic."",
  ""emotional_trigger"": ""Satisfaction from visible transformation, pride in a shiny and protected car, saving money and effort through a DIY solution, convenience, relief from car wear and tear."",
  ""visual_features"": {
    ""human_present"": true,
    ""face_visible"": true,
    ""text_overlay"": true,
    ""app_screen_visible"": false,
    ""fast_cuts"": true
  },
  ""cta"": ""The explicit text overlays 'Buy 5 Get 5 Free (only $3.991/PS)' and '50% discount!' serve as direct calls to action, encouraging viewers to take advantage of the promotional offer."",
  ""winner_strategy"": ""The ad's winning strategy is a combination of compelling visual before-and-after demonstrations across multiple car surfaces (paint, headlights, windows) and a highly attractive bulk purchase discount, emphasizing ease of use and immediate, dramatic results."",
  ""why_it_might_work"": ""This ad works because it provides instant, undeniable visual proof of the product's effectiveness on various common car problems like fading, scratches, and oxidation. The hydrophobic effect demonstration is particularly convincing. The prominent 'Buy 5 Get 5 Free' and '50% discount' messages create a strong sense of value and urgency, making the product seem like an irresistible deal for car owners seeking an affordable DIY solution."",
  ""winner_score"": 5
}
```"
7565726133490368528,Mirror: Mental Health Journal,tiktok,"```json
{
  ""hook"": {
    ""text"": ""This mirror saved my life😊😊. You got a hard time seeing your blind spots, your mirrors? Then you probably need this mirror right here."",
    ""type"": ""benefit"",
    ""strength_score"": 9
  },
  ""creative_format"": ""ugc"",
  ""target_audience"": ""Drivers concerned about blind spots, road safety, and anxiety when changing lanes."",
  ""pain_point"": ""Limited visibility in traditional car rearview mirrors, leading to dangerous blind spots and fear of accidents when switching lanes."",
  ""solution_angle"": ""A wide-angle clip-on rearview mirror that significantly expands the field of vision, eliminating blind spots for both the driver and passenger side."",
  ""emotional_trigger"": ""Safety, security, confidence while driving, and relief from the fear of accidents."",
  ""visual_features"": {
    ""human_present"": true,
    ""face_visible"": true,
    ""text_overlay"": true,
    ""app_screen_visible"": false,
    ""fast_cuts"": true
  },
  ""cta"": ""Link down right here somewhere. Go check it out if you want to."",
  ""winner_strategy"": ""Personal testimonial and clear problem-solution demonstration of a simple, affordable car accessory that addresses a universal driving safety concern."",
  ""why_it_might_work"": ""The ad opens with a strong, attention-grabbing personal claim ('saved my life') which immediately establishes credibility and curiosity. It then clearly identifies a common driver pain point (blind spots) and provides a simple, visual demonstration of an easy-to-install solution. The emphasis on increased safety and reduced anxiety resonates strongly with drivers. The UGC format makes it feel authentic and relatable."",
  ""winner_score"": 90
}
```"
7438529114368540680,Mirror: Mental Health Journal,tiktok,"```json
{
  ""hook"": {
    ""text"": """",
    ""type"": ""demo"",
    ""strength_score"": 7
  },
  ""creative_format"": ""demo"",
  ""target_audience"": ""Individuals who frequently apply makeup or need a well-lit mirror for grooming, especially those looking for space-saving and portable options."",
  ""pain_point"": ""Inadequate lighting for makeup application, messy dressing tables due to bulky mirrors, or the need for a portable yet effective grooming mirror."",
  ""solution_angle"": ""A compact, foldable, and multi-panel LED-lighted mirror that provides optimal lighting and portability for precise makeup application and grooming."",
  ""emotional_trigger"": ""The satisfaction of having a perfectly lit, organized, and convenient space for beauty routines, leading to a feeling of preparedness and enhanced self-care."",
  ""visual_features"": {
    ""human_present"": true,
    ""face_visible"": true,
    ""text_overlay"": true,
    ""app_screen_visible"": false,
    ""fast_cuts"": true
  },
  ""cta"": ""Implied: Search for the product using the provided hashtags or visit the linked store (common on TikTok)."",
  ""winner_strategy"": ""Focus on a clear product demonstration, highlighting key features like portability, LED lighting, and ease of use in a visually appealing and engaging sequence."",
  ""why_it_might_work"": ""It effectively showcases the product's benefits (good lighting, portability, organization) through a direct and satisfying demonstration, appealing to a target audience seeking practical and aesthetic beauty solutions."",
  ""winner_score"": 8
}
```"
7294452849480073218,Mirror: Mental Health Journal,tiktok,"```json
{
  ""hook"": {
    ""text"": ""CAR COATING AGENT Make your car shine like new"",
    ""type"": ""benefit"",
    ""strength_score"": 4
  },
  ""creative_format"": ""demo"",
  ""target_audience"": ""Car owners, car enthusiasts, individuals seeking car maintenance and detailing solutions, people looking for easy ways to protect and shine their car's exterior."",
  ""pain_point"": ""Dull, faded, scratched, or oxidized car paint and surfaces (headlights, tires, mirrors). Lack of long-lasting protection against environmental elements and wear."",
  ""solution_angle"": ""An easy-to-apply, 3-in-1 high protection quick coating spray that restores shine, repels water, and provides a durable, diamond-like protective layer to various car parts."",
  ""emotional_trigger"": ""Desire for a new-looking, pristine car; satisfaction from easy and effective car care; pride in vehicle appearance; concern about car depreciation due to wear and tear."",
  ""visual_features"": {
    ""human_present"": true,
    ""face_visible"": true,
    ""text_overlay"": true,
    ""app_screen_visible"": false,
    ""fast_cuts"": true
  },
  ""cta"": ""Shop Now (implied)"",
  ""winner_strategy"": ""The ad effectively uses striking before-and-after comparisons on various car parts (hood, side panels, headlights, tires, door handles) to visually demonstrate the product's transformative power. It highlights ease of application (spray and wipe) and shows the protective qualities against water and potential scratches, making the benefits tangible and appealing."",
  ""why_it_might_work"": ""The ad's strong visual evidence of immediate and dramatic results (restoring shine, repelling water, repairing minor scratches) is highly compelling. It addresses common pain points for car owners with a simple, DIY solution, appealing to those who want to maintain their car's aesthetic and protective qualities without professional help."",
  ""winner_score"": 4
}
```"
7405355841300987920,Mirror: Mental Health Journal,tiktok,"```json
{
  ""hook"": {
    ""text"": ""POV: He got me the car vanity mirror"",
    ""type"": ""curiosity"",
    ""strength_score"": 4
  },
  ""creative_format"": ""ugc"",
  ""target_audience"": ""Individuals, primarily women, who apply or touch up makeup in their cars, especially at night or in low-light conditions."",
  ""pain_point"": ""Lack of adequate lighting in the car to apply or touch up makeup effectively."",
  ""solution_angle"": ""A portable, LED-illuminated vanity mirror designed for cars, providing bright light for makeup application and rechargeable via USB."",
  ""emotional_trigger"": ""Convenience, confidence in appearance, feeling pampered/thoughtful gifting."",
  ""visual_features"": {
    ""human_present"": true,
    ""face_visible"": true,
    ""text_overlay"": true,
    ""app_screen_visible"": false,
    ""fast_cuts"": false
  },
  ""cta"": ""Implied purchase/acquisition of the car LED mirror."",
  ""winner_strategy"": ""Problem-solution demonstration in a relatable, real-life scenario."",
  ""why_it_might_work"": ""The ad effectively highlights a common pain point for many drivers (poor lighting for makeup touch-ups) and provides a clear, visually appealing solution. The 'POV' angle makes it relatable and personal, enhancing viewer engagement. The direct comparison of no light vs. bright LED light clearly showcases the product's benefit."",
  ""winner_score"": 80
}
```"
7256067929786974210,Mirror: Mental Health Journal,tiktok,"```json
{
  ""hook"": {
    ""text"": ""Cool AZDOME REAR VIEW Mirror Dash Cam\nRecording at an amazing HD 1920*1080 res."",
    ""type"": ""benefit"",
    ""strength_score"": 5
  },
  ""creative_format"": ""demo"",
  ""target_audience"": ""Car owners, drivers, individuals concerned about road safety and vehicle security, tech-savvy consumers looking for car upgrades."",
  ""pain_point"": ""Limited visibility from standard rear-view mirrors, lack of video evidence in case of accidents or incidents, concerns about vehicle security while parked, desire for an all-in-one solution for dashcam and rear-view mirror."",
  ""solution_angle"": ""A versatile, easy-to-install, high-definition mirror dash cam that provides both front and rear recording, parking surveillance, and an enhanced wide-angle view with a smart touch split screen."",
  ""emotional_trigger"": ""Safety, peace of mind, convenience, control, modernity, preparedness."",
  ""visual_features"": {
    ""human_present"": true,
    ""face_visible"": true,
    ""text_overlay"": true,
    ""app_screen_visible"": false,
    ""fast_cuts"": true
  },
  ""cta"": ""Implied: Purchase/Shop Now (from product demo and ad text mentioning 'offer' and shipping)"",
  ""winner_strategy"": ""The ad employs a strong demonstration-led approach, showcasing each key feature (HD recording, easy installation, dual recording, split screen, SD card support) visually and reinforcing it with text overlays. It implicitly addresses common driver concerns like visibility and security with a comprehensive, modern tech solution, emphasizing ease of use and convenience."",
  ""why_it_might_work"": ""The ad effectively highlights the product's value proposition by demonstrating how it solves practical problems for car owners. The clear visual display of features like high-definition dual recording, smart touch split screen, and simple installation is highly engaging. The product's dual functionality as a rear-view mirror and a dash cam offers significant convenience and perceived value, making it an attractive upgrade for many drivers."",
  ""winner_score"": 9
}
```"
7468149268265582600,Mirror: Mental Health Journal,tiktok,"```json
{
  ""hook"": {
    ""text"": ""This is not cement, but epoxy colored sand floor paint. I call it liquid marble, which has the same effect as marble and is half the price of marble."",
    ""type"": ""benefit"",
    ""strength_score"": 5
  },
  ""creative_format"": ""demo"",
  ""target_audience"": ""Homeowners, DIY enthusiasts, individuals seeking affordable and durable flooring solutions, renovators, small business owners looking to upgrade their spaces."",
  ""pain_point"": ""High cost and difficult installation of traditional premium flooring materials like marble, worn-out or unattractive concrete/tile floors, desire for durable and easy-to-maintain flooring, need for waterproof and non-slip surfaces."",
  ""solution_angle"": ""An easy-to-apply, self-leveling epoxy floor paint that transforms existing floors into a high-gloss, marble-like finish, offering superior durability, waterproofing, non-slip properties, and wear resistance at a significantly lower cost than natural marble."",
  ""emotional_trigger"": ""Aspiration for a beautiful and modern home, desire for a high-end look without the high cost, satisfaction from a successful DIY home improvement, relief from maintenance concerns, confidence in a long-lasting and practical solution."",
  ""visual_features"": {
    ""human_present"": true,
    ""face_visible"": true,
    ""text_overlay"": true,
    ""app_screen_visible"": false,
    ""fast_cuts"": true
  },
  ""cta"": ""Decorate your home now and take advantage of special discounts."",
  ""winner_strategy"": ""Combine a strong visual demonstration of product transformation and ease of use with clear articulation of key benefits (aesthetic appeal, durability, self-leveling, cost-effectiveness) and an urgent discount offer."",
  ""why_it_might_work"": ""The ad effectively showcases a dramatic before-and-after, highlighting the ability to achieve a luxurious 'liquid marble' look at half the price of actual marble. The demonstrations of ease of application (self-leveling), durability (axe test, water resistance), and versatility (various surfaces, colors) directly address common pain points. The limited-time discount creates a strong sense of urgency, motivating potential customers to act quickly."",
  ""winner_score"": 90
}
```"
7462935198583504904,Mirror: Mental Health Journal,tiktok,"```json
{
  ""hook"": {
    ""text"": ""Multi-purpose Wool Polishing Wheel. Can be used for all kinds of metal and stone polishing. Removes scratches, rust and imperfections."",
    ""type"": ""benefit"",
    ""strength_score"": 9
  },
  ""creative_format"": ""demo"",
  ""target_audience"": ""DIY enthusiasts, professional detailers, homeowners, vehicle owners, and anyone looking to restore or polish metal and stone surfaces."",
  ""pain_point"": ""Oxidized, scratched, rusty, and dull metal and stone surfaces that lack luster and shine."",
  ""solution_angle"": ""A versatile, high-quality wool polishing wheel that effortlessly rejuvenates oxidized metal and stone surfaces, eliminating imperfections and enhancing natural luster without causing damage."",
  ""emotional_trigger"": ""Satisfaction, pride in restoration, desire for perfection and a 'like-new' appearance."",
  ""visual_features"": {
    ""human_present"": true,
    ""face_visible"": true,
    ""text_overlay"": true,
    ""app_screen_visible"": false,
    ""fast_cuts"": true
  },
  ""cta"": ""Implicit: Shop now/Learn more (standard TikTok e-commerce CTA)"",
  ""winner_strategy"": ""The ad effectively uses dramatic before-and-after transformations to showcase the product's effectiveness across multiple surfaces. It emphasizes versatility, ease of use, and professional results, directly addressing common pain points with clear visual evidence."",
  ""why_it_might_work"": ""The visual impact of tarnished surfaces turning into mirror-like finishes is highly compelling and instantly communicates the product's value. Its multi-purpose nature appeals to a broad audience, and the demonstration highlights both efficiency and gentleness, building trust."",
  ""winner_score"": 9
}
```"
