app_name,platform,ad_id,ad_url,advertiser_name,ad_text,creative_type,image_or_video_url,start_date,country,status,source,date_collected
Solou: AI Diary & Mood Journal,tiktok,7411697730823045128,,retrowav.shop,Free Shipping when you purchase today!,video,https://v16m-default.tiktokcdn.com/e1c64d8077aae4f7bd45148bf5dc7760/6a2c6b69/video/tos/alisg/tos-alisg-ve-0051c001-sg/o0IBK1DoFCx52xtZDNekABGDiisQIQgfgm7pvE/?a=0&bti=NTU4QDM1NGA%3D&&bt=1577&ft=cApXJCz7ThWHQmiVLGZmo0P&mime_type=video_mp4&rc=ODloOjkzNjlmNGc3ODk4ZEBpajdoc2o5cmVoOzMzODYzNEBgLS5eY2JiNjExMjIvLWFjYSM0NHBkMmRzNl9hLS1kMDFzcw%3D%3D&vvpl=1&l=20260612222611877F1376DFF969CF5861&btag=e000b0000,,US,active,scrapecreators,2026-06-12
Solou: AI Diary & Mood Journal,tiktok,7464202432986398728,,,Clientes potenciales esperan. ¿Listo para actuar?,video,https://v16m-default.tiktokcdn.com/3b470b05a1d583c53b5c66add84e5869/6a2c6b9f/video/tos/alisg/tos-alisg-ve-0051c001-sg/owAAQ6Rwqy0EfA8N85BCsIjVqlymixiwQ6yB9O/?a=0&bti=NTU4QDM1NGA%3D&&bt=1825&ft=cApXJCz7ThWHQmiVLGZmo0P&mime_type=video_mp4&rc=aWRpMzZnNzw8aTw5OTs2N0BpamtkNnY5cms4NzMzODYzNEAvMjNjXzBfNjUxLjFfXjFhYSNybGptMmRzZWhhLS1kMDFzcw%3D%3D&vvpl=1&l=20260612222611877F1376DFF969CF5861&btag=e00090000,,US,active,scrapecreators,2026-06-12
Mirror: Mental Health Journal,meta,1176743445515092,https://www.facebook.com/ads/library?id=1176743445515092,The Mirror,Tesco Mobile,image,https://scontent-bos5-1.xx.fbcdn.net/v/t39.35426-6/703813138_1928879237832877_8615303987404786494_n.jpg?_nc_cat=101&ccb=1-7&_nc_sid=c53f8f&_nc_ohc=FB0-ICftUNUQ7kNvwFWFUo8&_nc_oc=AdpHcyYJWA6ztaHSDacBxX-dGRyTywhwC_lclbellL3bDchlPZuJN3D8t7KqwcMq5T0&_nc_zt=14&_nc_ht=scontent-bos5-1.xx&_nc_gid=Sjr5ZSwkzTPcTaClHKV5yQ&_nc_ss=7e289&oh=00_Af-XHUyYMTmiDbI9DOcsTsj60mYuPuS2y2ONHywyx2eDwA&oe=6A31FBDD,2026-05-20T07:00:00.000Z,US,active,scrapecreators,2026-06-12
Mirror: Mental Health Journal,meta,2682507342132463,https://www.facebook.com/ads/library?id=2682507342132463,The Mirror,A few simple habits can make a big difference. Help your children become savvy online and support their online wellbeing so they can navigate social media confidently and kindly. 📱,image,https://scontent-bos5-1.xx.fbcdn.net/v/t39.35426-6/710756381_1331427422274930_2626658764739948851_n.jpg?_nc_cat=110&ccb=1-7&_nc_sid=c53f8f&_nc_ohc=P7YotfGU2SUQ7kNvwFhraoJ&_nc_oc=AdpifSUY-kko4iqvfLW2iJcZcUDSHyatIkZTzcHuwyf55HNtnX2dTTmcm-iQOmDAw3Y&_nc_zt=14&_nc_ht=scontent-bos5-1.xx&_nc_gid=Sjr5ZSwkzTPcTaClHKV5yQ&_nc_ss=7e289&oh=00_Af-3nEimTGVYkimqsL1amM0ezWso5aVceKVs-evt21w5Vw&oe=6A31F166,2026-05-29T07:00:00.000Z,US,active,scrapecreators,2026-06-12
Mirror: Mental Health Journal,meta,1650259226250765,https://www.facebook.com/ads/library?id=1650259226250765,The Mirror,A few simple habits can make a big difference. Help your children become savvy online and support their online wellbeing so they can navigate social media confidently and kindly. 📱,image,https://scontent-bos5-1.xx.fbcdn.net/v/t39.35426-6/703433898_1696230601390442_1122581220013482685_n.jpg?_nc_cat=105&ccb=1-7&_nc_sid=c53f8f&_nc_ohc=BG4iJzidVfAQ7kNvwGjI-uF&_nc_oc=AdqETNvOIlZcYUq7gZyTJrZmO6eGjI1waibGoeemiTqjFQQIpOKsZzCYTx29qDiQNxg&_nc_zt=14&_nc_ht=scontent-bos5-1.xx&_nc_gid=Sjr5ZSwkzTPcTaClHKV5yQ&_nc_ss=7e289&oh=00_Af_ALTBnMvlNqdppFIH_BQS2vA7vHEGq0xaTSORsUMCDxg&oe=6A31EF3B,2026-05-20T07:00:00.000Z,US,active,scrapecreators,2026-06-12
Mirror: Mental Health Journal,meta,1200001818817531,https://www.facebook.com/ads/library?id=1200001818817531,The Mirror,"After 3 years apart during the war in Ukraine, Olena and Taffy were reunited 🐾 With support from Woodgreen Pets Charity, Taffy could get the treatment she needed — and her tail is wagging again.",video,https://video-bos5-1.xx.fbcdn.net/o1/v/t2/f2/m366/AQNMv3dM3NYiPj85OqjFie_ipgp9ViG_eiKQdC5b18w42tnoX-WQZ7oSKinCbhq9QBQpDBTvVO1KoIOfjgLlWFtivobWyKB7QgdY6xqCejTlcg.mp4?_nc_cat=106&_nc_sid=b66105&_nc_ht=video-bos5-1.xx.fbcdn.net&_nc_ohc=fuqUXxdSkbQQ7kNvwFe4vIk&efg=eyJ2ZW5jb2RlX3RhZyI6Inhwdl9wcm9ncmVzc2l2ZS5WSV9VU0VDQVNFX1BST0RVQ1RfVFlQRS4uQzIuNzIwLmRhc2hfaDI2NC1iYXNpYy1nZW4yXzcyMHAiLCJ4cHZfYXNzZXRfaWQiOjI3MzE1Mjk5NTU0NzczMDkxLCJhc3NldF9hZ2VfZGF5cyI6MTcsInZpX3VzZWNhc2VfaWQiOjEwNzk5LCJkdXJhdGlvbl9zIjo5MSwidXJsZ2VuX3NvdXJjZSI6Ind3dyJ9&ccb=17-1&vs=a8c80cc35f695a97&_nc_vs=HBksFQIYRWZiX2VwaGVtZXJhbC9DOTQwNkQ2NzAzNDU0RTBCMzg3MUQ1QkZCQkMyMEJCRl9tdF8xX3ZpZGVvX2Rhc2hpbml0Lm1wNBUAAsgBEgAVAhhAZmJfcGVybWFuZW50L0RDNDk3ODc0NzE0MDE1OTU3ODg1NDg5RUEzNzE3MUIxX2F1ZGlvX2Rhc2hpbml0Lm1wNBUCAsgBEgAoABgAGwKIB3VzZV9vaWwBMRJwcm9ncmVzc2l2ZV9yZWNpcGUBMRUAACbGoaru2MeFYRUCKAJDMiwXQFbj1wo9cKQYGWRhc2hfaDI2NC1iYXNpYy1nZW4yXzcyMHARAHUAZd6oAQA&_nc_gid=Sjr5ZSwkzTPcTaClHKV5yQ&_nc_ss=7e289&_nc_zt=28&oh=00_Af8PmL71X7Qj_ne__AEEHs5Z0rZCSZPpSGCxmdu8mE6K2g&oe=6A32053A,2026-05-26T07:00:00.000Z,US,active,scrapecreators,2026-06-12
Mirror: Mental Health Journal,meta,2080785322488115,https://www.facebook.com/ads/library?id=2080785322488115,The Mirror,"If your milk is on the brink, these quick, family-friendly recipes can help rescue every last drop - and save a few quid too.",image,https://scontent-bos5-1.xx.fbcdn.net/v/t39.35426-6/675517130_971016102067107_8290479276230117020_n.jpg?_nc_cat=108&ccb=1-7&_nc_sid=c53f8f&_nc_ohc=2foCk0qOECAQ7kNvwFwfT95&_nc_oc=Adq4IWVsKsfwtArftJtmuq4yBff9yCEvog0YYe9QC495R6z9Rn-XTMBsQK261abQnns&_nc_zt=14&_nc_ht=scontent-bos5-1.xx&_nc_gid=Sjr5ZSwkzTPcTaClHKV5yQ&_nc_ss=7e289&oh=00_Af849QjRLj_8lEijxEhSSA8GLwEHYYBZpZXQHtp5YOcoGQ&oe=6A320283,2026-04-21T07:00:00.000Z,US,active,scrapecreators,2026-06-12
Mirror: Mental Health Journal,meta,1796864531278582,https://www.facebook.com/ads/library?id=1796864531278582,The Mirror,A few simple habits can make a big difference. Help your children become savvy online and support their online wellbeing so they can navigate social media confidently and kindly. 📱,video,https://video-bos5-1.xx.fbcdn.net/o1/v/t2/f2/m366/AQNro3QcNTquP1xq5dcv5qD6zR2L6IaoR4x_Kv1k5pHzjTG5L1qlNdse9FL9LTUMAf3FOBAYcTPPhwbNI1FbetMTb-D_ITS4bM1pw-RggMw9EA.mp4?_nc_cat=100&_nc_sid=b66105&_nc_ht=video-bos5-1.xx.fbcdn.net&_nc_ohc=eb9bumu7F4wQ7kNvwFCdX8x&efg=eyJ2ZW5jb2RlX3RhZyI6Inhwdl9wcm9ncmVzc2l2ZS5WSV9VU0VDQVNFX1BST0RVQ1RfVFlQRS4uQzIuNzIwLmRhc2hfaDI2NC1iYXNpYy1nZW4yXzcyMHAiLCJ4cHZfYXNzZXRfaWQiOjEwMDA0MTMyMzI0Njc5ODgsImFzc2V0X2FnZV9kYXlzIjo4LCJ2aV91c2VjYXNlX2lkIjoxMDc5OSwiZHVyYXRpb25fcyI6NDAsInVybGdlbl9zb3VyY2UiOiJ3d3cifQ%3D%3D&ccb=17-1&vs=a42a37e986e474f2&_nc_vs=HBksFQIYRWZiX2VwaGVtZXJhbC9ENjRFRDRGMzg4QTYxOTgwQUVGNTcwRTA1QUFFNjU4MV9tdF8xX3ZpZGVvX2Rhc2hpbml0Lm1wNBUAAsgBEgAVAhhAZmJfcGVybWFuZW50LzNFNDY0RjQ0OEFGOTgyMDc3MEMyOTVFQUM3NDIxNjg2X2F1ZGlvX2Rhc2hpbml0Lm1wNBUCAsgBEgAoABgAGwKIB3VzZV9vaWwBMRJwcm9ncmVzc2l2ZV9yZWNpcGUBMRUAACaowMy12_fGAxUCKAJDMiwXQEQAAAAAAAAYGWRhc2hfaDI2NC1iYXNpYy1nZW4yXzcyMHARAHUAZd6oAQA&_nc_gid=Sjr5ZSwkzTPcTaClHKV5yQ&_nc_ss=7e289&_nc_zt=28&oh=00_Af-WJxObkbMUl1d4bY6XsFqBXv5ANBk0_kiYvv_DqlVqiQ&oe=6A31DB60,2026-06-03T07:00:00.000Z,US,active,scrapecreators,2026-06-12
Mirror: Mental Health Journal,meta,1997258050879861,https://www.facebook.com/ads/library?id=1997258050879861,The Mirror,"Travel to the Canaries the relaxed way by sailing from Southampton, then island hop by sun lounger.",image,https://scontent-bos5-1.xx.fbcdn.net/v/t39.35426-6/712924609_3134287156959576_1184409089151898219_n.jpg?_nc_cat=103&ccb=1-7&_nc_sid=c53f8f&_nc_ohc=TvqGThF-_VoQ7kNvwHhd6cl&_nc_oc=AdqUkrNMSO8w451AfOyHZSFzQYACM79ORX7reQ3H7vhitN_rmnkGen-nxHSV0KjolAk&_nc_zt=14&_nc_ht=scontent-bos5-1.xx&_nc_gid=Sjr5ZSwkzTPcTaClHKV5yQ&_nc_ss=7e289&oh=00_Af_JPYER1rSOuutWUh2K10AyPo1xA1_2ktnh4ArewxHh5w&oe=6A3201A8,2026-06-02T07:00:00.000Z,US,active,scrapecreators,2026-06-12
Mirror: Mental Health Journal,meta,2513555842438474,https://www.facebook.com/ads/library?id=2513555842438474,The Mirror,It's all systems go as the Jackson family prepare for exam season 📚 Giovanna Fletcher headed to their home in Cornwall to show them some tips and advice to help with revision. Discover practical tips to help your family this exam season on the Tesco Mobile Online Safety Hub. 👇,video,https://video-bos5-1.xx.fbcdn.net/o1/v/t2/f2/m366/AQNWFGlFpdZC0OqsRHVfW0smeiUc2yPloxINY5Wj8SvKNOIOHZfvW6jU0ldPiTMFCI14f2EQ_4pmgDNVbN42hFQ-oBXIDp4r24BZN0wjTw68sQ.mp4?_nc_cat=106&_nc_sid=b66105&_nc_ht=video-bos5-1.xx.fbcdn.net&_nc_ohc=ZCCytnUw3jUQ7kNvwGeO27w&efg=eyJ2ZW5jb2RlX3RhZyI6Inhwdl9wcm9ncmVzc2l2ZS5WSV9VU0VDQVNFX1BST0RVQ1RfVFlQRS4uQzIuNzIwLmRhc2hfaDI2NC1iYXNpYy1nZW4yXzcyMHAiLCJ4cHZfYXNzZXRfaWQiOjIxNjM4NTE5MDc0OTEzMDQsImFzc2V0X2FnZV9kYXlzIjo4LCJ2aV91c2VjYXNlX2lkIjoxMDc5OSwiZHVyYXRpb25fcyI6NDgsInVybGdlbl9zb3VyY2UiOiJ3d3cifQ%3D%3D&ccb=17-1&vs=7195816dd1713243&_nc_vs=HBksFQIYRWZiX2VwaGVtZXJhbC8yNzRFNzZGM0FCODRGNkI1Q0MyMzcxRjJEOEE0NTg5RF9tdF8xX3ZpZGVvX2Rhc2hpbml0Lm1wNBUAAsgBEgAVAhhAZmJfcGVybWFuZW50L0IyNDZDOUE2RTdFMjlBRjI4ODAwMzM2QTVGRDM1RDgxX2F1ZGlvX2Rhc2hpbml0Lm1wNBUCAsgBEgAoABgAGwKIB3VzZV9vaWwBMRJwcm9ncmVzc2l2ZV9yZWNpcGUBMRUAACbQl9eE4YDYBxUCKAJDMiwXQEhCj1wo9cMYGWRhc2hfaDI2NC1iYXNpYy1nZW4yXzcyMHARAHUAZd6oAQA&_nc_gid=Sjr5ZSwkzTPcTaClHKV5yQ&_nc_ss=7e289&_nc_zt=28&oh=00_Af-lhl1MANAGH2saDq0v5XXrMzruU1BGQRy-0VLpTjZQAg&oe=6A31D32A,2026-06-03T07:00:00.000Z,US,active,scrapecreators,2026-06-12
Mirror: Mental Health Journal,meta,2616920295370093,https://www.facebook.com/ads/library?id=2616920295370093,The Mirror,"Holiday like never before to Antigua, Saint Kitts and Nevis, Barbados, St Lucia, Grenada, St Maarten, Tortola and Dominica.",image,https://scontent-bos5-1.xx.fbcdn.net/v/t39.35426-6/715811824_1040568951968207_4148172151035420571_n.jpg?_nc_cat=101&ccb=1-7&_nc_sid=c53f8f&_nc_ohc=zLhtKmYHH2wQ7kNvwEt4gel&_nc_oc=AdrGndXrA183lPV_viq96q2tfi2jERjMnIwiNz7I4OWLDy7tTJ3lcC5_ZwiIs9l5-vU&_nc_zt=14&_nc_ht=scontent-bos5-1.xx&_nc_gid=Sjr5ZSwkzTPcTaClHKV5yQ&_nc_ss=7e289&oh=00_Af-SzeI6VRrA6oXmoirDZINQ_3PHZ7chvf4zydR1MUQgtA&oe=6A31DD84,2026-06-02T07:00:00.000Z,US,active,scrapecreators,2026-06-12
Mirror: Mental Health Journal,meta,2842338186118505,https://www.facebook.com/ads/library?id=2842338186118505,The Mirror,Holiday like never before on an epic 106-night trip from Southampton.,image,https://scontent-bos5-1.xx.fbcdn.net/v/t39.35426-6/710756897_1764904897828812_9018302599058876274_n.jpg?_nc_cat=101&ccb=1-7&_nc_sid=c53f8f&_nc_ohc=KScq2ViCo18Q7kNvwHFzFvb&_nc_oc=Ado-S5iDcr8mQeURr7G_2N2-AqfNUHN_nvU6sHbgWONMH1a2D4Hcl3TfdpHTq3WEYPo&_nc_zt=14&_nc_ht=scontent-bos5-1.xx&_nc_gid=Sjr5ZSwkzTPcTaClHKV5yQ&_nc_ss=7e289&oh=00_Af9IEFSfaFNn0o9M37LHrrZWdqzg8d6UqKjsymzGZnWEAg&oe=6A31EF85,2026-06-02T07:00:00.000Z,US,active,scrapecreators,2026-06-12
Mirror: Mental Health Journal,meta,1359054169402226,https://www.facebook.com/ads/library?id=1359054169402226,The Mirror,Holiday like never before on a fly-cruise holiday to the Canary Islands.,image,https://scontent-bos5-1.xx.fbcdn.net/v/t39.35426-6/712484469_1672872207296157_1697575850161998532_n.jpg?_nc_cat=102&ccb=1-7&_nc_sid=c53f8f&_nc_ohc=7w1maDIvI4IQ7kNvwFra6df&_nc_oc=AdomvMNyTS8Gdq_0mNtK-xcIa4t5HrhVK4CdhTUP1l19KqbYWzsk1rQ96EcTaZvh3n4&_nc_zt=14&_nc_ht=scontent-bos5-1.xx&_nc_gid=Sjr5ZSwkzTPcTaClHKV5yQ&_nc_ss=7e289&oh=00_Af-lXLMHfMcgZTMR9yEauAm759ISV3gwq7J6U-OI13HACQ&oe=6A31FC93,2026-06-03T07:00:00.000Z,US,active,scrapecreators,2026-06-12
Mirror: Mental Health Journal,meta,1564009541826768,https://www.facebook.com/ads/library?id=1564009541826768,The Mirror,"The summer festival of football is finally here! Tesco Whoosh can deliver all your match day essentials from as little as 20 minutes. Plus, Tesco Whoosh and The Daily Mirror have teamed up to create this fantastic table football pitch so you can create some football magic of your own ⚽",video,https://video-bos5-1.xx.fbcdn.net/o1/v/t2/f2/m366/AQN1Qo_8ZwpDuJ5iiuJOw0qs4SeNsFlkLXD0t2cUc-flH9PYPqHzhCWTPRbnGMSaBIZnPNwFcfgheoNWrJg3tUuw2q74pTVeLt-ctHGXVsVl1A.mp4?_nc_cat=108&_nc_sid=b66105&_nc_ht=video-bos5-1.xx.fbcdn.net&_nc_ohc=bUIQGB0gMCcQ7kNvwG-qeR1&efg=eyJ2ZW5jb2RlX3RhZyI6Inhwdl9wcm9ncmVzc2l2ZS5WSV9VU0VDQVNFX1BST0RVQ1RfVFlQRS4uQzIuNzIwLmRhc2hfaDI2NC1iYXNpYy1nZW4yXzcyMHAiLCJ4cHZfYXNzZXRfaWQiOjE5MzE0MTA2OTgyNDc0NzIsImFzc2V0X2FnZV9kYXlzIjoxLCJ2aV91c2VjYXNlX2lkIjoxMDc5OSwiZHVyYXRpb25fcyI6MTAyLCJ1cmxnZW5fc291cmNlIjoid3d3In0%3D&ccb=17-1&vs=1e2f492708e38ced&_nc_vs=HBksFQIYRWZiX2VwaGVtZXJhbC84OTRCMjk3OTBGQUM5ODZDQTEyRTRFQzAzNUMxNDg5Rl9tdF8xX3ZpZGVvX2Rhc2hpbml0Lm1wNBUAAsgBEgAVAhhAZmJfcGVybWFuZW50Lzc2NEYzNDJFMzFENENFQkIxNjVEMDJDMDYxNzhBODgxX2F1ZGlvX2Rhc2hpbml0Lm1wNBUCAsgBEgAoABgAGwKIB3VzZV9vaWwBMRJwcm9ncmVzc2l2ZV9yZWNpcGUBMRUAACbg9KyJ86buBhUCKAJDMiwXQFm64UeuFHsYGWRhc2hfaDI2NC1iYXNpYy1nZW4yXzcyMHARAHUAZd6oAQA&_nc_gid=Sjr5ZSwkzTPcTaClHKV5yQ&_nc_ss=7e289&_nc_zt=28&oh=00_Af9qOheqxMgXhm8NPn_fyFyNP4sgawb0BidKUaVCpzlZPA&oe=6A31DFE0,2026-06-11T07:00:00.000Z,US,active,scrapecreators,2026-06-12
Mirror: Mental Health Journal,meta,2181953179043729,https://www.facebook.com/ads/library?id=2181953179043729,The Mirror,"The summer festival of football is finally here! Tesco Whoosh can deliver all your match day essentials from as little as 20 minutes. Plus, Tesco Whoosh and The Daily Mirror have teamed up to create this fantastic table football pitch so you can create some football magic of your own ⚽",video,https://video-bos5-1.xx.fbcdn.net/o1/v/t2/f2/m366/AQN1Qo_8ZwpDuJ5iiuJOw0qs4SeNsFlkLXD0t2cUc-flH9PYPqHzhCWTPRbnGMSaBIZnPNwFcfgheoNWrJg3tUuw2q74pTVeLt-ctHGXVsVl1A.mp4?_nc_cat=108&_nc_sid=b66105&_nc_ht=video-bos5-1.xx.fbcdn.net&_nc_ohc=bUIQGB0gMCcQ7kNvwG-qeR1&efg=eyJ2ZW5jb2RlX3RhZyI6Inhwdl9wcm9ncmVzc2l2ZS5WSV9VU0VDQVNFX1BST0RVQ1RfVFlQRS4uQzIuNzIwLmRhc2hfaDI2NC1iYXNpYy1nZW4yXzcyMHAiLCJ4cHZfYXNzZXRfaWQiOjE5MzE0MTA2OTgyNDc0NzIsImFzc2V0X2FnZV9kYXlzIjoxLCJ2aV91c2VjYXNlX2lkIjoxMDc5OSwiZHVyYXRpb25fcyI6MTAyLCJ1cmxnZW5fc291cmNlIjoid3d3In0%3D&ccb=17-1&vs=1e2f492708e38ced&_nc_vs=HBksFQIYRWZiX2VwaGVtZXJhbC84OTRCMjk3OTBGQUM5ODZDQTEyRTRFQzAzNUMxNDg5Rl9tdF8xX3ZpZGVvX2Rhc2hpbml0Lm1wNBUAAsgBEgAVAhhAZmJfcGVybWFuZW50Lzc2NEYzNDJFMzFENENFQkIxNjVEMDJDMDYxNzhBODgxX2F1ZGlvX2Rhc2hpbml0Lm1wNBUCAsgBEgAoABgAGwKIB3VzZV9vaWwBMRJwcm9ncmVzc2l2ZV9yZWNpcGUBMRUAACbg9KyJ86buBhUCKAJDMiwXQFm64UeuFHsYGWRhc2hfaDI2NC1iYXNpYy1nZW4yXzcyMHARAHUAZd6oAQA&_nc_gid=Sjr5ZSwkzTPcTaClHKV5yQ&_nc_ss=7e289&_nc_zt=28&oh=00_Af9qOheqxMgXhm8NPn_fyFyNP4sgawb0BidKUaVCpzlZPA&oe=6A31DFE0,2026-06-11T07:00:00.000Z,US,active,scrapecreators,2026-06-12
Mirror: Mental Health Journal,meta,1890808118252903,https://www.facebook.com/ads/library?id=1890808118252903,The Mirror,"Holiday like never before to Antigua, Saint Kitts and Nevis, Barbados, St Lucia, Grenada, St Maarten, Tortola and Dominica.",image,https://scontent-bos5-1.xx.fbcdn.net/v/t39.35426-6/711369344_1322071290058443_3271399738161743685_n.jpg?_nc_cat=102&ccb=1-7&_nc_sid=c53f8f&_nc_ohc=kA_Xl_xv80UQ7kNvwHDvcw3&_nc_oc=Adpysec1EZyMT1VQudmziH6dILD5vbxVyERGZVYHRXmcDvWmd6PrpJzWOEG-2yh2S3c&_nc_zt=14&_nc_ht=scontent-bos5-1.xx&_nc_gid=Sjr5ZSwkzTPcTaClHKV5yQ&_nc_ss=7e289&oh=00_Af-M4YA_ki4OuFA60OEXQjH1Jt3NhHZ20Fku5l3NMK5ZDQ&oe=6A31EC5B,2026-06-01T07:00:00.000Z,US,active,scrapecreators,2026-06-12
Mirror: Mental Health Journal,meta,898982816550799,https://www.facebook.com/ads/library?id=898982816550799,The Mirror,It's all systems go as the Jackson family prepare for exam season 📚 Giovanna Fletcher headed to their home in Cornwall to show them some tips and advice to help with revision. Discover practical tips to help your family this exam season on the Tesco Mobile Online Safety Hub. 👇,video,https://video-bos5-1.xx.fbcdn.net/o1/v/t2/f2/m366/AQNWFGlFpdZC0OqsRHVfW0smeiUc2yPloxINY5Wj8SvKNOIOHZfvW6jU0ldPiTMFCI14f2EQ_4pmgDNVbN42hFQ-oBXIDp4r24BZN0wjTw68sQ.mp4?_nc_cat=106&_nc_sid=b66105&_nc_ht=video-bos5-1.xx.fbcdn.net&_nc_ohc=ZCCytnUw3jUQ7kNvwGeO27w&efg=eyJ2ZW5jb2RlX3RhZyI6Inhwdl9wcm9ncmVzc2l2ZS5WSV9VU0VDQVNFX1BST0RVQ1RfVFlQRS4uQzIuNzIwLmRhc2hfaDI2NC1iYXNpYy1nZW4yXzcyMHAiLCJ4cHZfYXNzZXRfaWQiOjIxNjM4NTE5MDc0OTEzMDQsImFzc2V0X2FnZV9kYXlzIjo4LCJ2aV91c2VjYXNlX2lkIjoxMDc5OSwiZHVyYXRpb25fcyI6NDgsInVybGdlbl9zb3VyY2UiOiJ3d3cifQ%3D%3D&ccb=17-1&vs=7195816dd1713243&_nc_vs=HBksFQIYRWZiX2VwaGVtZXJhbC8yNzRFNzZGM0FCODRGNkI1Q0MyMzcxRjJEOEE0NTg5RF9tdF8xX3ZpZGVvX2Rhc2hpbml0Lm1wNBUAAsgBEgAVAhhAZmJfcGVybWFuZW50L0IyNDZDOUE2RTdFMjlBRjI4ODAwMzM2QTVGRDM1RDgxX2F1ZGlvX2Rhc2hpbml0Lm1wNBUCAsgBEgAoABgAGwKIB3VzZV9vaWwBMRJwcm9ncmVzc2l2ZV9yZWNpcGUBMRUAACbQl9eE4YDYBxUCKAJDMiwXQEhCj1wo9cMYGWRhc2hfaDI2NC1iYXNpYy1nZW4yXzcyMHARAHUAZd6oAQA&_nc_gid=Sjr5ZSwkzTPcTaClHKV5yQ&_nc_ss=7e289&_nc_zt=28&oh=00_Af-lhl1MANAGH2saDq0v5XXrMzruU1BGQRy-0VLpTjZQAg&oe=6A31D32A,2026-06-03T07:00:00.000Z,US,active,scrapecreators,2026-06-12
Mirror: Mental Health Journal,meta,1532281468501136,https://www.facebook.com/ads/library?id=1532281468501136,The Mirror,Holiday like never before on a fly-cruise holiday to the Canary Islands.,image,https://scontent-bos5-1.xx.fbcdn.net/v/t39.35426-6/714949212_1004651748928398_8704726213308765159_n.jpg?_nc_cat=100&ccb=1-7&_nc_sid=c53f8f&_nc_ohc=2CtuuBp3yS0Q7kNvwH7lJpK&_nc_oc=AdrjxpNUuu7N9TH03q7QVrTTaVx-VRkw6s5fbWGqtnGvN_D7bSXK3jvpU1GkFvt9DUo&_nc_zt=14&_nc_ht=scontent-bos5-1.xx&_nc_gid=Sjr5ZSwkzTPcTaClHKV5yQ&_nc_ss=7e289&oh=00_Af_TiP2-ZIu59W59teVQTDimhDg-CXC6Yz-TZgNOrpGEFQ&oe=6A31D032,2026-06-03T07:00:00.000Z,US,active,scrapecreators,2026-06-12
Mirror: Mental Health Journal,meta,856585670301489,https://www.facebook.com/ads/library?id=856585670301489,The Mirror,Holiday like never before on an epic 106-night trip from Southampton.,image,https://scontent-bos5-1.xx.fbcdn.net/v/t39.35426-6/712945273_1500073310980988_3270688190350688758_n.jpg?_nc_cat=105&ccb=1-7&_nc_sid=c53f8f&_nc_ohc=yC7wglXFjREQ7kNvwH2U-Tx&_nc_oc=AdprAYpXy3Cxg9DAvBj0nQP2wg4X16VFkbNea2mEIot_kOokNEWiTxOO00JFICHVftA&_nc_zt=14&_nc_ht=scontent-bos5-1.xx&_nc_gid=Sjr5ZSwkzTPcTaClHKV5yQ&_nc_ss=7e289&oh=00_Af-abdxbSgHx-h-GlFxO1nKxLvdS0WX3nIznezGdEbe-7g&oe=6A32041F,2026-06-02T07:00:00.000Z,US,active,scrapecreators,2026-06-12
Mirror: Mental Health Journal,meta,1763499945060623,https://www.facebook.com/ads/library?id=1763499945060623,The Mirror,It's all systems go as the Jackson family prepare for exam season 📚 Giovanna Fletcher headed to their home in Cornwall to show them some tips and advice to help with revision. Discover practical tips to help your family this exam season on the Tesco Mobile Online Safety Hub. 👇,video,https://video-bos5-1.xx.fbcdn.net/o1/v/t2/f2/m366/AQM2CdINCcVV1hD0EJ2liSKqHY9T0mckhfPwRMGUQeO9i29G74UivOUsbIku__gAqyQpKZ0LdsTkZ0xO3iz78tEDQAUJVCqqI5_uDYjtObZxfg.mp4?_nc_cat=101&_nc_sid=b66105&_nc_ht=video-bos5-1.xx.fbcdn.net&_nc_ohc=sUOtkRqolOkQ7kNvwFh8Gws&efg=eyJ2ZW5jb2RlX3RhZyI6Inhwdl9wcm9ncmVzc2l2ZS5WSV9VU0VDQVNFX1BST0RVQ1RfVFlQRS4uQzIuNzIwLmRhc2hfaDI2NC1iYXNpYy1nZW4yXzcyMHAiLCJ4cHZfYXNzZXRfaWQiOjE2NDIwNzY4MTAzNTU5NjUsImFzc2V0X2FnZV9kYXlzIjo4LCJ2aV91c2VjYXNlX2lkIjoxMDc5OSwiZHVyYXRpb25fcyI6NDgsInVybGdlbl9zb3VyY2UiOiJ3d3cifQ%3D%3D&ccb=17-1&vs=be5dd99ba06cd469&_nc_vs=HBksFQIYRWZiX2VwaGVtZXJhbC83NzQzNjRGQ0RDRUZGOEE5QzlENzg3RDMyMDRFRDdBM19tdF8xX3ZpZGVvX2Rhc2hpbml0Lm1wNBUAAsgBEgAVAhhAZmJfcGVybWFuZW50L0ZCNEYzQjJEMEJGMTNDQzc0QTRDRDA0NUQxQzVGQ0E1X2F1ZGlvX2Rhc2hpbml0Lm1wNBUCAsgBEgAoABgAGwKIB3VzZV9vaWwBMRJwcm9ncmVzc2l2ZV9yZWNpcGUBMRUAACb6k83Pud3qBRUCKAJDMiwXQEhCj1wo9cMYGWRhc2hfaDI2NC1iYXNpYy1nZW4yXzcyMHARAHUAZd6oAQA&_nc_gid=Sjr5ZSwkzTPcTaClHKV5yQ&_nc_ss=7e289&_nc_zt=28&oh=00_Af8IgIFhJ8KD3xXE1DCLIBrUBlYtobH3wtqmgi9LqiHeww&oe=6A31DF0B,2026-06-10T07:00:00.000Z,US,active,scrapecreators,2026-06-12
Mirror: Mental Health Journal,meta,2234024350718998,https://www.facebook.com/ads/library?id=2234024350718998,The Mirror,"Olena was forced to flee Kyiv without her dog Taffy – but thanks to pet charity Woodgreen, Taffy didn’t just survive the warzone, she’s now thriving.",image,https://scontent-bos5-1.xx.fbcdn.net/v/t39.35426-6/709426626_1831252321614255_503879607554338623_n.jpg?_nc_cat=110&ccb=1-7&_nc_sid=c53f8f&_nc_ohc=ZEDGxABy_vQQ7kNvwH9OeyT&_nc_oc=AdpOIPoehmVm5upOBXYNjFsxilLNgkY7mt7hJYTktEwwzLzkZxkV6DniuI98rm0IUmA&_nc_zt=14&_nc_ht=scontent-bos5-1.xx&_nc_gid=Sjr5ZSwkzTPcTaClHKV5yQ&_nc_ss=7e289&oh=00_Af8iSozSsjZZ-5Tw-9hXyxD44JQZhbavq9MgXkvkix-cEg&oe=6A3203D3,2026-05-27T07:00:00.000Z,US,active,scrapecreators,2026-06-12
Mirror: Mental Health Journal,meta,1002045235624424,https://www.facebook.com/ads/library?id=1002045235624424,The Mirror,"Travel to the Canaries the relaxed way by sailing from Southampton, then island hop by sun lounger.",image,https://scontent-bos5-1.xx.fbcdn.net/v/t39.35426-6/712924609_3134287156959576_1184409089151898219_n.jpg?_nc_cat=103&ccb=1-7&_nc_sid=c53f8f&_nc_ohc=TvqGThF-_VoQ7kNvwHhd6cl&_nc_oc=AdqUkrNMSO8w451AfOyHZSFzQYACM79ORX7reQ3H7vhitN_rmnkGen-nxHSV0KjolAk&_nc_zt=14&_nc_ht=scontent-bos5-1.xx&_nc_gid=Sjr5ZSwkzTPcTaClHKV5yQ&_nc_ss=7e289&oh=00_Af_JPYER1rSOuutWUh2K10AyPo1xA1_2ktnh4ArewxHh5w&oe=6A3201A8,2026-06-01T07:00:00.000Z,US,active,scrapecreators,2026-06-12
Mirror: Mental Health Journal,meta,2105770973372098,https://www.facebook.com/ads/library?id=2105770973372098,The Mirror,"Exam season is tough, but you don’t have to navigate it alone. 📚 The Jackson family are learning how to make screens work for them, not against them. Discover practical tips to help your family this exam season on the Tesco Mobile Online Safety Hub. 👇",video,https://video-bos5-1.xx.fbcdn.net/o1/v/t2/f2/m366/AQPAULDU2DVdQYFYUw7q4cBqaVT6PacMTGJ-wXahVCsQ5r0OruEsZPBaY_pWSs7QFruEDKXmL839Tb_Gf1_cSFfstN1-V9yrXVcanzRROSk8Wg.mp4?_nc_cat=108&_nc_sid=b66105&_nc_ht=video-bos5-1.xx.fbcdn.net&_nc_ohc=38pZNQNSUaAQ7kNvwEBD7BS&efg=eyJ2ZW5jb2RlX3RhZyI6Inhwdl9wcm9ncmVzc2l2ZS5WSV9VU0VDQVNFX1BST0RVQ1RfVFlQRS4uQzIuNzIwLmRhc2hfaDI2NC1iYXNpYy1nZW4yXzcyMHAiLCJ4cHZfYXNzZXRfaWQiOjE1NDY1MjQyMzA1MzUwODIsImFzc2V0X2FnZV9kYXlzIjo4LCJ2aV91c2VjYXNlX2lkIjoxMDc5OSwiZHVyYXRpb25fcyI6NDcsInVybGdlbl9zb3VyY2UiOiJ3d3cifQ%3D%3D&ccb=17-1&vs=7f88fcb82382f4a2&_nc_vs=HBksFQIYRWZiX2VwaGVtZXJhbC9BQjRCNDBEMDFBRjJCQzY2NzczMTM1QkFEODAyOTBBMF9tdF8xX3ZpZGVvX2Rhc2hpbml0Lm1wNBUAAsgBEgAVAhhAZmJfcGVybWFuZW50LzIyNDBERjM3OTU5MTVBREU2RTNENzI2QjhGQUMyQzk5X2F1ZGlvX2Rhc2hpbml0Lm1wNBUCAsgBEgAoABgAGwKIB3VzZV9vaWwBMRJwcm9ncmVzc2l2ZV9yZWNpcGUBMRUAACbUnq62x6O_BRUCKAJDMiwXQEe9cKPXCj0YGWRhc2hfaDI2NC1iYXNpYy1nZW4yXzcyMHARAHUAZd6oAQA&_nc_gid=Sjr5ZSwkzTPcTaClHKV5yQ&_nc_ss=7e289&_nc_zt=28&oh=00_Af9ZDivzDi2XQ7yl81OR_tWYKS2PrJk_HPal1rVbTSeaww&oe=6A31FD1C,2026-06-08T07:00:00.000Z,US,inactive,scrapecreators,2026-06-12
Mirror: Mental Health Journal,meta,1003374759082064,https://www.facebook.com/ads/library?id=1003374759082064,The Mirror,We’ve teamed up with Tesco Whoosh to make your watch party unmissable.,image,https://scontent-bos5-1.xx.fbcdn.net/v/t39.35426-6/719852599_2291982251540168_8435864784018745044_n.jpg?_nc_cat=104&ccb=1-7&_nc_sid=c53f8f&_nc_ohc=pvndpqSodIcQ7kNvwFDOLIU&_nc_oc=AdrU7Fit1nn6OFyrorvC3mkZCeUKkPbvvAmh9QgLvBm-DyUUZIVZpE5zC6cLbkonWDs&_nc_zt=14&_nc_ht=scontent-bos5-1.xx&_nc_gid=Sjr5ZSwkzTPcTaClHKV5yQ&_nc_ss=7e289&oh=00_Af8kJAekU_OceBYUOLOaIhEngEtxSpnLilPJy7ZQSK4uMQ&oe=6A3203E7,2026-06-11T07:00:00.000Z,US,active,scrapecreators,2026-06-12
Mirror: Mental Health Journal,meta,2196732344417491,https://www.facebook.com/ads/library?id=2196732344417491,The Mirror,"POV: You’re ready to tackle the dreaded Spring clean 😰🫧

Clear out that cluttered cleaning cupboard with a click switch, the space-saving, 6-in-1 system that’s like a swiss army knife for all your household cleaning needs. It’s a mop, broom, squeegee, duster, crevice brush and scraper all-in-one!

But run don’t walk, the Spring & Spruce 6-in-1 Mop is available for just £9.99 for a limited time. That is a massive 60% saving off the RRP while stocks last!

✅ Shop now at Yimbly.com.

#cashqueens #ad  #springclean  #cleaninghacks  #homehack",video,https://video-bos5-1.xx.fbcdn.net/o1/v/t2/f2/m367/AQO5MplIXWlZt63XTrENVFW_NweWVbjYooajBys99ThwdEFyrp0imZafc-R2zXjodm9wVJ6ld6dKhlMuVT2D0DzGwaVQN4Uqs87-NS1knw.mp4?_nc_cat=110&_nc_sid=ef5aa3&_nc_ht=video-bos5-1.xx.fbcdn.net&_nc_ohc=z0mHYxIL6HAQ7kNvwFwlCZE&efg=eyJ2ZW5jb2RlX3RhZyI6Inhwdl9wcm9ncmVzc2l2ZS5WSV9VU0VDQVNFX1BST0RVQ1RfVFlQRS4uQzIuNzIwLnByb2dyZXNzaXZlX2gyNjQtYmFzaWMtZ2VuMl83MjBwIiwieHB2X2Fzc2V0X2lkIjoxODU5Nzg2MTUwODAwMTcxNCwiYXNzZXRfYWdlX2RheXMiOjQsInZpX3VzZWNhc2VfaWQiOjEwMDk5LCJkdXJhdGlvbl9zIjo0NCwidXJsZ2VuX3NvdXJjZSI6Ind3dyJ9&ccb=17-1&_nc_gid=Sjr5ZSwkzTPcTaClHKV5yQ&_nc_ss=7e289&_nc_zt=28&oh=00_Af8iGS0V3Ixo0Cx6bG6SX-TYsqgwOPiUQi0nh2Wgwu7FxA&oe=6A31F0B4,2026-06-09T07:00:00.000Z,US,active,scrapecreators,2026-06-12
Mirror: Mental Health Journal,meta,884482283962491,https://www.facebook.com/ads/library?id=884482283962491,The Mirror,A tribute to the flamboyant funkateer,image,https://scontent-bos5-1.xx.fbcdn.net/v/t39.35426-6/720362094_1022968546921599_6439813150789478563_n.jpg?_nc_cat=111&ccb=1-7&_nc_sid=c53f8f&_nc_ohc=q3i-ywWgPW0Q7kNvwFZuiLh&_nc_oc=AdoAECLnE3ZI1Lq1vvX0s7NJyZMB6qiZGluJ5h-hU56dgNIcE7CHVML-CnUEyfHUcjE&_nc_zt=14&_nc_ht=scontent-bos5-1.xx&_nc_gid=Sjr5ZSwkzTPcTaClHKV5yQ&_nc_ss=7e289&oh=00_Af81CzES6cdqOuU3or1hw9anRTDhP7WFP2OsTcJyaPwR7Q&oe=6A31F216,2026-06-11T07:00:00.000Z,US,active,scrapecreators,2026-06-12
Mirror: Mental Health Journal,tiktok,7313775438476066818,,SmartTV Cast: Screen Mirroring,Wirelessly cast your phone to any TV for quick and easy streaming,video,https://v16m-default.tiktokcdn.com/6d00b90b1148ed7f5db80c34ae321f61/6a2c6b87/video/tos/alisg/tos-alisg-ve-37c813-sg/oMlISEFWgA7zC9mebFf87KDCDCftAEGA6kIOQt/?a=0&bti=NTU4QDM1NGA%3D&&bt=962&ft=cApXJCz7ThWHymiVLGZmo0P&mime_type=video_mp4&rc=N2c0NTUzaGk0OTM6ZWc7ZEBpM3hqaW05cm11bzMzNzYzM0BfYzJgLmFhXjQxM14tMV4vYSMtLWRjMmRrcXNgLS1kMDZzcw%3D%3D&vvpl=1&l=202606122226260BCC178B82C08BCFF629&btag=e000b8000,,US,active,scrapecreators,2026-06-12
Mirror: Mental Health Journal,tiktok,7311518039592615937,,SmartTV Cast: Screen Mirroring,Wirelessly cast your phone to any TV for quick and easy streaming,video,https://v16m-default.tiktokcdn.com/500991314b47424e7c7606dc6cb3a9bc/6a2c6b8b/video/tos/alisg/tos-alisg-ve-37c813-sg/ocr0tB5I5EiegloPBo5EykyrhzmguAJgiELAQv/?a=0&bti=NTU4QDM1NGA%3D&&bt=1544&ft=cApXJCz7ThWHymiVLGZmo0P&mime_type=video_mp4&rc=ZzY1OTY1NTo8OWQzNjVmaEBpamVoZnM5cjt1bzMzNzYzM0AxNWAtYV8wXjMxNF8zYS5eYSNwLmVuMmQ0Z29gLS1kMDZzcw%3D%3D&vvpl=1&l=202606122226260BCC178B82C08BCFF629&btag=e000b8000,,US,active,scrapecreators,2026-06-12
Mirror: Mental Health Journal,tiktok,7314909355564220417,,SmartTV Cast: Screen Mirroring,Wirelessly cast your phone to any TV for quick and easy streaming,video,https://v16m-default.tiktokcdn.com/2d66947c26f1e13095001ca306697ff3/6a2c6b7d/video/tos/alisg/tos-alisg-ve-37c813-sg/okEEs0QgfAIpbYb8ODNleuBRhEBJFDkG98VESm/?a=0&bti=NTU4QDM1NGA%3D&&bt=640&ft=cApXJCz7ThWHymiVLGZmo0P&mime_type=video_mp4&rc=Zjo1MzYzM2lmMzM3OTc4PEBpam5qaW05cmV2cDMzNzYzM0BgLjQ1YjMvNi4xXy40YzEyYSM1YWRjMmQ0YC5gLS1kMDZzcw%3D%3D&vvpl=1&l=202606122226260BCC178B82C08BCFF629&btag=e000b0000,,US,active,scrapecreators,2026-06-12
Mirror: Mental Health Journal,tiktok,7315971011270230018,,SmartTV Cast: Screen Mirroring,Wirelessly cast your phone to any TV for quick and easy streaming,video,https://v16m-default.tiktokcdn.com/5a33f575f99b972d1d89bfb9df0939ea/6a2c6b89/video/tos/alisg/tos-alisg-ve-37c813-sg/oomAXigKQqsfb3wTtykUALkE7wIBECtIB8hYio/?a=0&bti=NTU4QDM1NGA%3D&&bt=980&ft=cApXJCz7ThWHymiVLGZmo0P&mime_type=video_mp4&rc=Zjo6OGVmNWZkZDo5NGQ1ZEBpanI1dHE5cnBycDMzNzYzM0BiMDQxLTYxXzYxLi4uL14vYSMybmU2MmRjazBgLS1kMDZzcw%3D%3D&vvpl=1&l=202606122226260BCC178B82C08BCFF629&btag=e000b8000,,US,active,scrapecreators,2026-06-12
Mirror: Mental Health Journal,tiktok,7315113024703561729,,SmartTV Cast: Screen Mirroring,Wirelessly cast your phone to any TV for quick and easy streaming,video,https://v16m-default.tiktokcdn.com/6f562f4b7a2b6a486bb84d9fc1d9a3e3/6a2c6b7e/video/tos/alisg/tos-alisg-ve-37c813-sg/o0AyBD9lJE6QBNSE8NEfBFhhDDX1UHIxxAfbtQ/?a=0&bti=NTU4QDM1NGA%3D&&bt=1155&ft=cApXJCz7ThWHymiVLGZmo0P&mime_type=video_mp4&rc=OWk4Zzk3OWhnODg7PDZnM0BpamtxOHI5cmg6cDMzNzYzM0AwXzIvYS9fNWExNC02MGFgYSMzc2lpMmRrci9gLS1kMDZzcw%3D%3D&vvpl=1&l=202606122226260BCC178B82C08BCFF629&btag=e000b0000,,US,active,scrapecreators,2026-06-12
Mirror: Mental Health Journal,tiktok,7314708283251720194,,SmartTV Cast: Screen Mirroring,Wirelessly cast your phone to any TV for quick and easy streaming,video,https://v16m-default.tiktokcdn.com/aff906d5a711512f4232c5c1f006989b/6a2c6b80/video/tos/alisg/tos-alisg-ve-37c813-sg/oYkEIygEEeDABSAFhYCZ3Lh50CJCbGQCIA9ffa/?a=0&bti=NTU4QDM1NGA%3D&&bt=1131&ft=cApXJCz7ThWHymiVLGZmo0P&mime_type=video_mp4&rc=ZDw7NjgzNWgzOzQzMzNoZ0BpM3k3ZXQ5cmlqcDMzNzYzM0AvYDU1LzRgXzIxY15jNjYxYSMxbjQvMmRrci5gLS1kMDZzcw%3D%3D&vvpl=1&l=202606122226260BCC178B82C08BCFF629&btag=e000b8000,,US,active,scrapecreators,2026-06-12
Mirror: Mental Health Journal,tiktok,7468860257994375169,,hosinvest,"🎨✨Epoxid-Farbsand Bodenbeschichtung – Marmor-Look für Ihr Zuhause oder Ihre Werkstatt!✨🚗🏠 Unsere selbstverlaufende Epoxidharz-Bodenfarbe kombiniert edle Optik mit extremer Haltbarkeit: 💎 Marmor-ähnliches Finish 💦 Wasserfest & rutschhemmend 🚧 Ideal für Garage, Keller, Balkon & mehr 🛠️ Perfekt für Zementböden – innen & außen Egal ob für Haus, Werkstatt oder Showroom – hochwertig, pflegeleicht und langlebig! Jetzt ausprobieren und den Boden revolutionieren! 💥🛒 #Bodenbeschichtung #Epoxidharz #HausRenovierung #Garagenboden #DIYProjekte#storytelling#unbelievablestories#eyeopening#wisdomfromreddit#heartwarmingtales",video,https://v16m-default.tiktokcdn.com/df219c720d990652055a601c5993301a/6a2c6bb1/video/tos/no1a/tos-no1a-ve-0068-no/oAdFCCBLQ1VkqLd2GfrP8IgvoH6CADfFXgEgAF/?a=0&bti=NTU4QDM1NGA%3D&&bt=1938&ft=cApXJCz7ThWHymiVLGZmo0P&mime_type=video_mp4&rc=Z2U1OjVlODo7OjdkZzk3OEBpamh4cm85cnczNDMzbzgzNUAwYi1gMGFfXjAxNWJgNS1gYSNkXy9nMmRrMmNhLS1kLzFzcw%3D%3D&vvpl=1&l=202606122226260BCC178B82C08BCFF629&btag=e00090000,,US,active,scrapecreators,2026-06-12
Mirror: Mental Health Journal,tiktok,7596474809102598161,,Radiance,Doing makeup in the car just got easier—LED visor mirror with 3-5 light modes and USB charging,video,https://v16m-default.tiktokcdn.com/65703fcbc1ef4b3add9b6b390df98311/6a2c6b87/video/tos/alisg/tos-alisg-ve-0051c001-sg/osZlIQEDSZfBBePQGpBsD0DEaEF4aNAbHKB0Eg/?a=0&bti=NTU4QDM1NGA%3D&&bt=1628&ft=cApXJCz7ThWHymiVLGZmo0P&mime_type=video_mp4&rc=Z2Y0ZGllZTgzZGg7M2c2NkBpamc2dm85cnQ1ODMzODYzNEBjYS0xMjA2NmExMl42Ly8tYSNyYF9hMmRrZGphLS1kMDFzcw%3D%3D&vvpl=1&l=202606122226260BCC178B82C08BCFF629&btag=e000b8000,,US,active,scrapecreators,2026-06-12
Mirror: Mental Health Journal,tiktok,7503840449708261393,,bathclea,"Advanced Car Quick-acting Coating Agent Spray——Long-lasting car paint wax solution, make your car look brand new!#carcleaning #carquickcoating #waterproof #fyp",video,https://v16m-default.tiktokcdn.com/eacc6380ee35442151420f87311eead3/6a2c6ba2/video/tos/no1a/tos-no1a-ve-37c710-no/os5zrIOZalhuM0AhAyAJiKhEOQBivGziAwgII/?a=0&bti=NTU4QDM1NGA%3D&&bt=1393&ft=cApXJCz7ThWHymiVLGZmo0P&mime_type=video_mp4&rc=Mzg0NTtlMzRmOTw3OWg6NEBpajw5ZW05cmw2NDMzZjgzNUAuLzYxM2IvNWMxMl4tLWIvYSNtL2stMmRrLmVhLS1kLzNzcw%3D%3D&vvpl=1&l=202606122226260BCC178B82C08BCFF629&btag=e00088000,,US,active,scrapecreators,2026-06-12
Mirror: Mental Health Journal,tiktok,7388792822457663489,,,#carplay,video,https://v16m-default.tiktokcdn.com/421192351c993da6054a2b574fa603f6/6a2c6b8a/video/tos/maliva/tos-maliva-ve-0068c799-us/oINeQQfEAGIRYATG6ilCeLw0WHkd9IPSrRIYUg/?a=0&bti=NTU4QDM1NGA%3D&&bt=1068&ft=cApXJCz7ThWHymiVLGZmo0P&mime_type=video_mp4&rc=aGY6Nzw7NDU3NzczOzNoM0BpamlyO3c5cnE7dDMzZzgzNEAzMS1hNGMvX2AxYl8yLS4zYSNyYHIvMmRraTVgLS1kLy9zcw%3D%3D&vvpl=1&l=202606122226260BCC178B82C08BCFF629&btag=e000b8000,,US,active,scrapecreators,2026-06-12
Mirror: Mental Health Journal,tiktok,7397271865276235792,,,UV Protection Polarized Sunglasses with pink mirror lenses!!! #Summer #polarized #pink #cute #eyewear #affordable #tiktokshop #tiktokshopbacktoschool #sunglasses,video,https://v16m-default.tiktokcdn.com/14c5abc8f9086c7b95c3eca3a25de182/6a2c6ba2/video/tos/maliva/tos-maliva-ve-0068c799-us/ogYUYgkGNCffPIBLIMwPpAQCIHdEeRLA9jIYdP/?a=0&bti=NTU4QDM1NGA%3D&&bt=1072&ft=cApXJCz7ThWHymiVLGZmo0P&mime_type=video_mp4&rc=Omg6MzY7MzY8ODc4ZzM4NEBpMzp0cXk5cjQ6dDMzZzczNEAtYzZjMF9gXmAxLmAvMzY2YSNqLmlkMmRzaWVgLS1kMS9zcw%3D%3D&vvpl=1&l=202606122226260BCC178B82C08BCFF629&btag=e00088000,,US,active,scrapecreators,2026-06-12
Mirror: Mental Health Journal,tiktok,7308677225002745857,,𝙏𝙞𝙠𝙏𝙤𝙠 𝙎𝙝𝙤𝙥,"3-IN-1 High Protection Quick Coating Spray for Cars - Advanced Ceramic Formula, Diamond-Like Protection, 100ML",video,https://v16m-default.tiktokcdn.com/e52a64b75347a9d7d1357353b912c5eb/6a2c6ba4/video/tos/no1a/tos-no1a-ve-0068-no/osTIAEzgrfiQSANf2IstCiDrGCVDEDF7ISfL19/?a=0&bti=NTU4QDM1NGA%3D&&bt=1544&ft=cApXJCz7ThWHymiVLGZmo0P&mime_type=video_mp4&rc=PDllOTNmMzRpOzplO2U7OUBpMzQ4anM5cnhrODMzbzgzNUBhYDVfNV8xNl8xYzQ0MzZeYSNfcW5oMmRzY2FhLS1kLzFzcw%3D%3D&vvpl=1&l=202606122226260BCC178B82C08BCFF629&btag=e00088000,,US,active,scrapecreators,2026-06-12
Mirror: Mental Health Journal,tiktok,7565726133490368528,,shiwei,"See More, Drive Safer",video,https://v16m-default.tiktokcdn.com/e10174781da7004783dbf9571c98a73a/6a2c6b8c/video/tos/maliva/tos-maliva-ve-0068c799-us/ogZrCDjEVVaft0IybAQ29EaIIAepmmDaZYSEFB/?a=0&bti=NTU4QDM1NGA%3D&&bt=1040&ft=cApXJCz7ThWHymiVLGZmo0P&mime_type=video_mp4&rc=PDYzZTY5Z2RoNWk6ZTdlO0BpM2V0OW05cjlwNzMzaTgzNEAxNWMuNS9eNTIxYzBiL14yYSNtb2hjMmQ0bmVhLS1kLzJzcw%3D%3D&vvpl=1&l=202606122226260BCC178B82C08BCFF629&btag=e000b8000,,US,active,scrapecreators,2026-06-12
Mirror: Mental Health Journal,tiktok,7438529114368540680,,トレンド購入術,chiếc gương để bàn gấp gọn với 3 màu led hiện đại #guongdeban #guongdebantrangdiem #guongdebangapgon,video,https://v16m-default.tiktokcdn.com/b5ff39a1c44e83a24be86f3588830bcd/6a2c6b7e/video/tos/alisg/tos-alisg-pve-0037/oUAgQDpcJH0EfANB06BmzIdX0qQKihiw7tTBvW/?a=0&bti=NTU4QDM1NGA%3D&&bt=1257&ft=cApXJCz7ThWHymiVLGZmo0P&mime_type=video_mp4&rc=N2k4ODg6aDQzZGk4NDxoaEBpajxpb245cmhnODMzODgzNUBiNTYzLy1iNS4xNDUwYTAvYSNrNGYwMmRzLl5hLS1kLzZzcw%3D%3D&vvpl=1&l=202606122226260BCC178B82C08BCFF629&btag=e00070000,,US,active,scrapecreators,2026-06-12
Mirror: Mental Health Journal,tiktok,7294452849480073218,,𝙏𝙞𝙠𝙏𝙤𝙠 𝙎𝙝𝙤𝙥,"3-IN-1 High Protection Quick Coating Spray for Cars - Advanced Ceramic Formula, Diamond-Like Protection, 100ML",video,https://v16m-default.tiktokcdn.com/fea5db579e8dd073fbf9cf547a463ebf/6a2c6bad/video/tos/no1a/tos-no1a-ve-0068-no/oYIibANRiIQSsEESxtFfLDAmHGaSfYIerJDxE7/?a=0&bti=NTU4QDM1NGA%3D&&bt=1279&ft=cApXJCz7ThWHymiVLGZmo0P&mime_type=video_mp4&rc=ZTc8NTszODw4PDM0NTpnM0BpMzpqNXI5cnhrODMzbzgzNUAxY2NjMC5gNl8xM18vMV5hYSNgbjJzMmRzY2FhLS1kLzFzcw%3D%3D&vvpl=1&l=202606122226260BCC178B82C08BCFF629&btag=e00088000,,US,active,scrapecreators,2026-06-12
Mirror: Mental Health Journal,tiktok,7405355841300987920,,RockyMotive,Si no tienes luz en el carro para retocarte necesitas este espejo led. Se carga por USB.,video,https://v16m-default.tiktokcdn.com/d182eef814bf97038d3004da9ee90900/6a2c6b7d/video/tos/alisg/tos-alisg-ve-0051c001-sg/ow5BFfIxlwYmBOBEQGwiAGAoAAuiIko20cHcPV/?a=0&bti=NTU4QDM1NGA%3D&&bt=852&ft=cApXJCz7ThWHymiVLGZmo0P&mime_type=video_mp4&rc=O2dpODxmZmhkNTk0NTczZEBpajwzc2o5cjZrOTMzODYzNEBhYjBjLmAyNjUxMTRjNS41YSM2Z3JkMmRrNl9hLS1kMDFzcw%3D%3D&vvpl=1&l=202606122226260BCC178B82C08BCFF629&btag=e000b0000,,US,active,scrapecreators,2026-06-12
Mirror: Mental Health Journal,tiktok,7256067929786974210,,داش كام للسيارة 3*1 امامي وخلفي وتسجيل,#نشحن_لجميع_مناطق_المملكة #الرياض_جده_القصيم_المدينه_مكه_ينبع_الطائف_الخرج_الباحه_الجوف_سكاكا_حائ #اليوم_الوطني_السعودي #الانتشار_السريع #عرض,video,https://v16m-default.tiktokcdn.com/660e9f98bab644f72592dbaa1e5725ce/6a2c6b86/video/tos/alisg/tos-alisg-pve-0037/oUyl2G5IXWZiEABAvuubEk0DSYJAGPziQAEzR/?a=0&bti=NTU4QDM1NGA%3D&&bt=1739&ft=cApXJCz7ThWHymiVLGZmo0P&mime_type=video_mp4&rc=ZDg0ODo5Zzk0Mzk1Njc5aUBpM3NmPG45cmk0djMzODgzNEBeMGJhMTQ1NjIxMl4uNGBeYSNrNi0wMmQ0MGxgLS1kL2Bzcw%3D%3D&vvpl=1&l=202606122226260BCC178B82C08BCFF629&btag=e00078000,,US,active,scrapecreators,2026-06-12
Mirror: Mental Health Journal,tiktok,7468149268265582600,,𝚕𝚞𝚞𝚔𝚢𝚎,🔥Hot Sale 49% OFF✨High-Gloss Marble Finish Epoxy Floor Coating,video,https://v16m-default.tiktokcdn.com/36a0d459edfe43933cd32302b07f8591/6a2c6b9b/video/tos/maliva/tos-maliva-ve-0068c799-us/oQAQwip9UG18BSZIKfcACjB8Aqivi4AE00zkI3/?a=0&bti=NTU4QDM1NGA%3D&&bt=1572&ft=cApXJCz7ThWHymiVLGZmo0P&mime_type=video_mp4&rc=O2U1NmlkZzQ6OWg5Nzo5aUBpam5scXY5cng3MzMzaTgzNEAwNl5eLTAvNi4xYmNfMV8wYSNvZzFuMmRzaGxhLS1kLzJzcw%3D%3D&vvpl=1&l=202606122226260BCC178B82C08BCFF629&btag=e00088000,,US,active,scrapecreators,2026-06-12
Mirror: Mental Health Journal,tiktok,7462935198583504904,,bathclea,Wool Felt Flap Discs Polishing Wheel#fyp,video,https://v16m-default.tiktokcdn.com/380a154a03f5c98c745d5154f39f4167/6a2c6b9e/video/tos/no1a/tos-no1a-ve-0068-no/oIeIAvGgqIQXLCXOCIeDrJzrh935CBEeAILK6Q/?a=0&bti=NTU4QDM1NGA%3D&&bt=2159&ft=cApXJCz7ThWHymiVLGZmo0P&mime_type=video_mp4&rc=NDgzZzNkPDdlNTtmOGY2ZEBpanV2N3k5cnAzNDMzbzgzNUBfLl81YzQuNjMxNGBhMWMzYSNma2U2MmRjZ2NhLS1kLzFzcw%3D%3D&vvpl=1&l=202606122226260BCC178B82C08BCFF629&btag=e00088000,,US,active,scrapecreators,2026-06-12
